GEOdisplaylabel,GEO.id2,GEOLevel1,GEOLevel2,Population_latest,Population_prev,nj_pop_latest,nj_pop_prev,usa_pop_latest,usa_pop_prev,pop_per_change,nj_pop_change,us_pop_change
Atlantic County,34001,Atlantic County,New Jersey,21206.0,20700.0,681807,655989,26328166,24458387,2.44444444444,3.93573672729,7.64473552569
"Absecon city, Atlantic County",3400100100,Absecon city,Atlantic County,626.0,634.0,681807,655989,26328166,24458387,-1.261829653,3.93573672729,7.64473552569
"Atlantic City city, Atlantic County",3400102080,Atlantic City city,Atlantic County,3090.0,2730.0,681807,655989,26328166,24458387,13.1868131868,3.93573672729,7.64473552569
"Brigantine city, Atlantic County",3400107810,Brigantine city,Atlantic County,887.0,746.0,681807,655989,26328166,24458387,18.9008042895,3.93573672729,7.64473552569
"Buena borough, Atlantic County",3400108680,Buena borough,Atlantic County,348.0,324.0,681807,655989,26328166,24458387,7.40740740741,3.93573672729,7.64473552569
"Buena Vista township, Atlantic County",3400108710,Buena Vista township,Atlantic County,356.0,432.0,681807,655989,26328166,24458387,-17.5925925926,3.93573672729,7.64473552569
"Corbin City city, Atlantic County",3400115160,Corbin City city,Atlantic County,262.0,186.0,681807,655989,26328166,24458387,40.8602150538,3.93573672729,7.64473552569
"Egg Harbor township, Atlantic County",3400120290,Egg Harbor township,Atlantic County,2211.0,2371.0,681807,655989,26328166,24458387,-6.74820750738,3.93573672729,7.64473552569
"Egg Harbor City city, Atlantic County",3400120350,Egg Harbor City city,Atlantic County,374.0,364.0,681807,655989,26328166,24458387,2.74725274725,3.93573672729,7.64473552569
"Estell Manor city, Atlantic County",3400121870,Estell Manor city,Atlantic County,441.0,437.0,681807,655989,26328166,24458387,0.91533180778,3.93573672729,7.64473552569
"Folsom borough, Atlantic County",3400123940,Folsom borough,Atlantic County,475.0,475.0,681807,655989,26328166,24458387,0.0,3.93573672729,7.64473552569
"Galloway township, Atlantic County",3400125560,Galloway township,Atlantic County,2548.0,2738.0,681807,655989,26328166,24458387,-6.93937180424,3.93573672729,7.64473552569
"Hamilton township, Atlantic County",3400129280,Hamilton township,Atlantic County,1407.0,1821.0,681807,655989,26328166,24458387,-22.7347611203,3.93573672729,7.64473552569
"Hammonton town, Atlantic County",3400129430,Hammonton town,Atlantic County,1160.0,1062.0,681807,655989,26328166,24458387,9.22787193974,3.93573672729,7.64473552569
"Linwood city, Atlantic County",3400140530,Linwood city,Atlantic County,984.0,838.0,681807,655989,26328166,24458387,17.4224343675,3.93573672729,7.64473552569
"Longport borough, Atlantic County",3400141370,Longport borough,Atlantic County,305.0,277.0,681807,655989,26328166,24458387,10.1083032491,3.93573672729,7.64473552569
"Margate City city, Atlantic County",3400143890,Margate City city,Atlantic County,664.0,558.0,681807,655989,26328166,24458387,18.9964157706,3.93573672729,7.64473552569
"Mullica township, Atlantic County",3400149410,Mullica township,Atlantic County,328.0,372.0,681807,655989,26328166,24458387,-11.8279569892,3.93573672729,7.64473552569
"Northfield city, Atlantic County",3400152950,Northfield city,Atlantic County,885.0,803.0,681807,655989,26328166,24458387,10.2117061021,3.93573672729,7.64473552569
"Pleasantville city, Atlantic County",3400159640,Pleasantville city,Atlantic County,1296.0,1317.0,681807,655989,26328166,24458387,-1.59453302961,3.93573672729,7.64473552569
"Port Republic city, Atlantic County",3400160600,Port Republic city,Atlantic County,313.0,305.0,681807,655989,26328166,24458387,2.62295081967,3.93573672729,7.64473552569
"Somers Point city, Atlantic County",3400168430,Somers Point city,Atlantic County,1058.0,913.0,681807,655989,26328166,24458387,15.8817086528,3.93573672729,7.64473552569
"Ventnor City city, Atlantic County",3400175620,Ventnor City city,Atlantic County,838.0,613.0,681807,655989,26328166,24458387,36.704730832,3.93573672729,7.64473552569
"Weymouth township, Atlantic County",3400180330,Weymouth township,Atlantic County,350.0,384.0,681807,655989,26328166,24458387,-8.85416666667,3.93573672729,7.64473552569
Bergen County,34003,Bergen County,New Jersey,67814.0,63275.0,681807,655989,26328166,24458387,7.17344922955,3.93573672729,7.64473552569
"Allendale borough, Bergen County",3400300700,Allendale borough,Bergen County,440.0,422.0,681807,655989,26328166,24458387,4.2654028436,3.93573672729,7.64473552569
"Alpine borough, Bergen County",3400301090,Alpine borough,Bergen County,355.0,424.0,681807,655989,26328166,24458387,-16.2735849057,3.93573672729,7.64473552569
"Bergenfield borough, Bergen County",3400305170,Bergenfield borough,Bergen County,2319.0,2083.0,681807,655989,26328166,24458387,11.32981277,3.93573672729,7.64473552569
"Bogota borough, Bergen County",3400306490,Bogota borough,Bergen County,647.0,483.0,681807,655989,26328166,24458387,33.9544513458,3.93573672729,7.64473552569
"Carlstadt borough, Bergen County",3400310480,Carlstadt borough,Bergen County,284.0,349.0,681807,655989,26328166,24458387,-18.6246418338,3.93573672729,7.64473552569
"Cliffside Park borough, Bergen County",3400313570,Cliffside Park borough,Bergen County,1179.0,1247.0,681807,655989,26328166,24458387,-5.45308740978,3.93573672729,7.64473552569
"Closter borough, Bergen County",3400313810,Closter borough,Bergen County,776.0,730.0,681807,655989,26328166,24458387,6.30136986301,3.93573672729,7.64473552569
"Cresskill borough, Bergen County",3400315820,Cresskill borough,Bergen County,460.0,459.0,681807,655989,26328166,24458387,0.217864923747,3.93573672729,7.64473552569
"Demarest borough, Bergen County",3400317530,Demarest borough,Bergen County,411.0,426.0,681807,655989,26328166,24458387,-3.52112676056,3.93573672729,7.64473552569
"Dumont borough, Bergen County",3400318400,Dumont borough,Bergen County,1045.0,1055.0,681807,655989,26328166,24458387,-0.947867298578,3.93573672729,7.64473552569
"East Rutherford borough, Bergen County",3400319510,East Rutherford borough,Bergen County,603.0,480.0,681807,655989,26328166,24458387,25.625,3.93573672729,7.64473552569
"Edgewater borough, Bergen County",3400320020,Edgewater borough,Bergen County,704.0,620.0,681807,655989,26328166,24458387,13.5483870968,3.93573672729,7.64473552569
"Elmwood Park borough, Bergen County",3400321300,Elmwood Park borough,Bergen County,1597.0,1378.0,681807,655989,26328166,24458387,15.8925979681,3.93573672729,7.64473552569
"Emerson borough, Bergen County",3400321450,Emerson borough,Bergen County,438.0,480.0,681807,655989,26328166,24458387,-8.75,3.93573672729,7.64473552569
"Englewood city, Bergen County",3400321480,Englewood city,Bergen County,1648.0,1485.0,681807,655989,26328166,24458387,10.9764309764,3.93573672729,7.64473552569
"Englewood Cliffs borough, Bergen County",3400321510,Englewood Cliffs borough,Bergen County,447.0,438.0,681807,655989,26328166,24458387,2.05479452055,3.93573672729,7.64473552569
"Fair Lawn borough, Bergen County",3400322470,Fair Lawn borough,Bergen County,2049.0,2192.0,681807,655989,26328166,24458387,-6.52372262774,3.93573672729,7.64473552569
"Fairview borough, Bergen County",3400322560,Fairview borough,Bergen County,558.0,628.0,681807,655989,26328166,24458387,-11.1464968153,3.93573672729,7.64473552569
"Fort Lee borough, Bergen County",3400324420,Fort Lee borough,Bergen County,3103.0,2172.0,681807,655989,26328166,24458387,42.8637200737,3.93573672729,7.64473552569
"Franklin Lakes borough, Bergen County",3400324990,Franklin Lakes borough,Bergen County,711.0,748.0,681807,655989,26328166,24458387,-4.94652406417,3.93573672729,7.64473552569
"Garfield city, Bergen County",3400325770,Garfield city,Bergen County,2246.0,2122.0,681807,655989,26328166,24458387,5.84354382658,3.93573672729,7.64473552569
"Glen Rock borough, Bergen County",3400326640,Glen Rock borough,Bergen County,869.0,843.0,681807,655989,26328166,24458387,3.08422301305,3.93573672729,7.64473552569
"Hackensack city, Bergen County",3400328680,Hackensack city,Bergen County,2713.0,2381.0,681807,655989,26328166,24458387,13.9437211256,3.93573672729,7.64473552569
"Harrington Park borough, Bergen County",3400330150,Harrington Park borough,Bergen County,479.0,459.0,681807,655989,26328166,24458387,4.35729847495,3.93573672729,7.64473552569
"Hasbrouck Heights borough, Bergen County",3400330420,Hasbrouck Heights borough,Bergen County,626.0,618.0,681807,655989,26328166,24458387,1.29449838188,3.93573672729,7.64473552569
"Haworth borough, Bergen County",3400330540,Haworth borough,Bergen County,582.0,507.0,681807,655989,26328166,24458387,14.7928994083,3.93573672729,7.64473552569
"Hillsdale borough, Bergen County",3400331920,Hillsdale borough,Bergen County,986.0,905.0,681807,655989,26328166,24458387,8.95027624309,3.93573672729,7.64473552569
"Ho-Ho-Kus borough, Bergen County",3400332310,Ho-Ho-Kus borough,Bergen County,363.0,335.0,681807,655989,26328166,24458387,8.35820895522,3.93573672729,7.64473552569
"Leonia borough, Bergen County",3400340020,Leonia borough,Bergen County,773.0,702.0,681807,655989,26328166,24458387,10.113960114,3.93573672729,7.64473552569
"Little Ferry borough, Bergen County",3400340680,Little Ferry borough,Bergen County,675.0,742.0,681807,655989,26328166,24458387,-9.02964959569,3.93573672729,7.64473552569
"Lodi borough, Bergen County",3400341100,Lodi borough,Bergen County,1387.0,1369.0,681807,655989,26328166,24458387,1.31482834186,3.93573672729,7.64473552569
"Lyndhurst township, Bergen County",3400342090,Lyndhurst township,Bergen County,1264.0,1190.0,681807,655989,26328166,24458387,6.21848739496,3.93573672729,7.64473552569
"Mahwah township, Bergen County",3400342750,Mahwah township,Bergen County,2412.0,1936.0,681807,655989,26328166,24458387,24.5867768595,3.93573672729,7.64473552569
"Maywood borough, Bergen County",3400344880,Maywood borough,Bergen County,1037.0,840.0,681807,655989,26328166,24458387,23.4523809524,3.93573672729,7.64473552569
"Midland Park borough, Bergen County",3400346110,Midland Park borough,Bergen County,429.0,454.0,681807,655989,26328166,24458387,-5.50660792952,3.93573672729,7.64473552569
"Montvale borough, Bergen County",3400347610,Montvale borough,Bergen County,434.0,506.0,681807,655989,26328166,24458387,-14.2292490119,3.93573672729,7.64473552569
"Moonachie borough, Bergen County",3400347700,Moonachie borough,Bergen County,339.0,313.0,681807,655989,26328166,24458387,8.30670926518,3.93573672729,7.64473552569
"New Milford borough, Bergen County",3400351660,New Milford borough,Bergen County,1324.0,1222.0,681807,655989,26328166,24458387,8.34697217676,3.93573672729,7.64473552569
"North Arlington borough, Bergen County",3400352320,North Arlington borough,Bergen County,907.0,964.0,681807,655989,26328166,24458387,-5.91286307054,3.93573672729,7.64473552569
"Northvale borough, Bergen County",3400353430,Northvale borough,Bergen County,385.0,360.0,681807,655989,26328166,24458387,6.94444444444,3.93573672729,7.64473552569
"Norwood borough, Bergen County",3400353610,Norwood borough,Bergen County,497.0,412.0,681807,655989,26328166,24458387,20.6310679612,3.93573672729,7.64473552569
"Oakland borough, Bergen County",3400353850,Oakland borough,Bergen County,1392.0,1272.0,681807,655989,26328166,24458387,9.43396226415,3.93573672729,7.64473552569
"Old Tappan borough, Bergen County",3400354870,Old Tappan borough,Bergen County,514.0,508.0,681807,655989,26328166,24458387,1.1811023622,3.93573672729,7.64473552569
"Oradell borough, Bergen County",3400354990,Oradell borough,Bergen County,769.0,625.0,681807,655989,26328166,24458387,23.04,3.93573672729,7.64473552569
"Palisades Park borough, Bergen County",3400355770,Palisades Park borough,Bergen County,1412.0,951.0,681807,655989,26328166,24458387,48.4752891693,3.93573672729,7.64473552569
"Paramus borough, Bergen County",3400355950,Paramus borough,Bergen County,2184.0,2217.0,681807,655989,26328166,24458387,-1.48849797023,3.93573672729,7.64473552569
"Park Ridge borough, Bergen County",3400356130,Park Ridge borough,Bergen County,823.0,799.0,681807,655989,26328166,24458387,3.00375469337,3.93573672729,7.64473552569
"Ramsey borough, Bergen County",3400361680,Ramsey borough,Bergen County,993.0,972.0,681807,655989,26328166,24458387,2.16049382716,3.93573672729,7.64473552569
"Ridgefield borough, Bergen County",3400362910,Ridgefield borough,Bergen County,673.0,638.0,681807,655989,26328166,24458387,5.48589341693,3.93573672729,7.64473552569
"Ridgefield Park village, Bergen County",3400362940,Ridgefield Park village,Bergen County,1044.0,997.0,681807,655989,26328166,24458387,4.71414242728,3.93573672729,7.64473552569
"Ridgewood village, Bergen County",3400363000,Ridgewood village,Bergen County,2414.0,2031.0,681807,655989,26328166,24458387,18.8577055638,3.93573672729,7.64473552569
"River Edge borough, Bergen County",3400363360,River Edge borough,Bergen County,804.0,833.0,681807,655989,26328166,24458387,-3.48139255702,3.93573672729,7.64473552569
"River Vale township, Bergen County",3400363690,River Vale township,Bergen County,915.0,909.0,681807,655989,26328166,24458387,0.660066006601,3.93573672729,7.64473552569
"Rochelle Park township, Bergen County",3400363990,Rochelle Park township,Bergen County,395.0,344.0,681807,655989,26328166,24458387,14.8255813953,3.93573672729,7.64473552569
"Rockleigh borough, Bergen County",3400364170,Rockleigh borough,Bergen County,156.0,133.0,681807,655989,26328166,24458387,17.2932330827,3.93573672729,7.64473552569
"Rutherford borough, Bergen County",3400365280,Rutherford borough,Bergen County,1662.0,1448.0,681807,655989,26328166,24458387,14.7790055249,3.93573672729,7.64473552569
"Saddle Brook township, Bergen County",3400365340,Saddle Brook township,Bergen County,646.0,744.0,681807,655989,26328166,24458387,-13.1720430108,3.93573672729,7.64473552569
"Saddle River borough, Bergen County",3400365400,Saddle River borough,Bergen County,257.0,274.0,681807,655989,26328166,24458387,-6.20437956204,3.93573672729,7.64473552569
"South Hackensack township, Bergen County",3400368970,South Hackensack township,Bergen County,330.0,272.0,681807,655989,26328166,24458387,21.3235294118,3.93573672729,7.64473552569
"Teaneck township, Bergen County",3400372360,Teaneck township,Bergen County,2514.0,2630.0,681807,655989,26328166,24458387,-4.41064638783,3.93573672729,7.64473552569
"Tenafly borough, Bergen County",3400372420,Tenafly borough,Bergen County,820.0,879.0,681807,655989,26328166,24458387,-6.71217292378,3.93573672729,7.64473552569
"Teterboro borough, Bergen County",3400372480,Teterboro borough,Bergen County,38.0,21.0,681807,655989,26328166,24458387,80.9523809524,3.93573672729,7.64473552569
"Upper Saddle River borough, Bergen County",3400375140,Upper Saddle River borough,Bergen County,461.0,502.0,681807,655989,26328166,24458387,-8.16733067729,3.93573672729,7.64473552569
"Waldwick borough, Bergen County",3400376400,Waldwick borough,Bergen County,910.0,868.0,681807,655989,26328166,24458387,4.83870967742,3.93573672729,7.64473552569
"Wallington borough, Bergen County",3400376490,Wallington borough,Bergen County,985.0,988.0,681807,655989,26328166,24458387,-0.303643724696,3.93573672729,7.64473552569
"Washington township, Bergen County",3400377135,Washington township,Bergen County,906.0,798.0,681807,655989,26328166,24458387,13.5338345865,3.93573672729,7.64473552569
"Westwood borough, Bergen County",3400380270,Westwood borough,Bergen County,636.0,652.0,681807,655989,26328166,24458387,-2.45398773006,3.93573672729,7.64473552569
"Woodcliff Lake borough, Bergen County",3400382300,Woodcliff Lake borough,Bergen County,508.0,530.0,681807,655989,26328166,24458387,-4.15094339623,3.93573672729,7.64473552569
"Wood-Ridge borough, Bergen County",3400382570,Wood-Ridge borough,Bergen County,493.0,420.0,681807,655989,26328166,24458387,17.380952381,3.93573672729,7.64473552569
"Wyckoff township, Bergen County",3400383050,Wyckoff township,Bergen County,1659.0,1541.0,681807,655989,26328166,24458387,7.65736534718,3.93573672729,7.64473552569
Burlington County,34005,Burlington County,New Jersey,39220.0,37282.0,681807,655989,26328166,24458387,5.19821897967,3.93573672729,7.64473552569
"Bass River township, Burlington County",3400503370,Bass River township,Burlington County,271.0,287.0,681807,655989,26328166,24458387,-5.57491289199,3.93573672729,7.64473552569
"Beverly city, Burlington County",3400505740,Beverly city,Burlington County,342.0,334.0,681807,655989,26328166,24458387,2.39520958084,3.93573672729,7.64473552569
"Bordentown city, Burlington County",3400506670,Bordentown city,Burlington County,375.0,317.0,681807,655989,26328166,24458387,18.2965299685,3.93573672729,7.64473552569
"Bordentown township, Burlington County",3400506700,Bordentown township,Burlington County,751.0,802.0,681807,655989,26328166,24458387,-6.35910224439,3.93573672729,7.64473552569
"Burlington city, Burlington County",3400508920,Burlington city,Burlington County,867.0,930.0,681807,655989,26328166,24458387,-6.77419354839,3.93573672729,7.64473552569
"Burlington township, Burlington County",3400508950,Burlington township,Burlington County,1544.0,1652.0,681807,655989,26328166,24458387,-6.53753026634,3.93573672729,7.64473552569
"Chesterfield township, Burlington County",3400512670,Chesterfield township,Burlington County,796.0,1080.0,681807,655989,26328166,24458387,-26.2962962963,3.93573672729,7.64473552569
"Cinnaminson township, Burlington County",3400512940,Cinnaminson township,Burlington County,1996.0,1553.0,681807,655989,26328166,24458387,28.5254346426,3.93573672729,7.64473552569
"Delanco township, Burlington County",3400517080,Delanco township,Burlington County,411.0,370.0,681807,655989,26328166,24458387,11.0810810811,3.93573672729,7.64473552569
"Delran township, Burlington County",3400517440,Delran township,Burlington County,1125.0,1150.0,681807,655989,26328166,24458387,-2.17391304348,3.93573672729,7.64473552569
"Eastampton township, Burlington County",3400518790,Eastampton township,Burlington County,298.0,327.0,681807,655989,26328166,24458387,-8.86850152905,3.93573672729,7.64473552569
"Edgewater Park township, Burlington County",3400520050,Edgewater Park township,Burlington County,528.0,565.0,681807,655989,26328166,24458387,-6.54867256637,3.93573672729,7.64473552569
"Evesham township, Burlington County",3400522110,Evesham township,Burlington County,3903.0,3684.0,681807,655989,26328166,24458387,5.94462540717,3.93573672729,7.64473552569
"Fieldsboro borough, Burlington County",3400523250,Fieldsboro borough,Burlington County,151.0,128.0,681807,655989,26328166,24458387,17.96875,3.93573672729,7.64473552569
"Florence township, Burlington County",3400523850,Florence township,Burlington County,1090.0,1008.0,681807,655989,26328166,24458387,8.13492063492,3.93573672729,7.64473552569
"Hainesport township, Burlington County",3400529010,Hainesport township,Burlington County,401.0,504.0,681807,655989,26328166,24458387,-20.4365079365,3.93573672729,7.64473552569
"Lumberton township, Burlington County",3400542060,Lumberton township,Burlington County,1225.0,963.0,681807,655989,26328166,24458387,27.2066458982,3.93573672729,7.64473552569
"Mansfield township, Burlington County",3400543290,Mansfield township,Burlington County,586.0,629.0,681807,655989,26328166,24458387,-6.83624801272,3.93573672729,7.64473552569
"Maple Shade township, Burlington County",3400543740,Maple Shade township,Burlington County,1822.0,1462.0,681807,655989,26328166,24458387,24.6238030096,3.93573672729,7.64473552569
"Medford township, Burlington County",3400545120,Medford township,Burlington County,1763.0,1778.0,681807,655989,26328166,24458387,-0.843644544432,3.93573672729,7.64473552569
"Medford Lakes borough, Burlington County",3400545210,Medford Lakes borough,Burlington County,370.0,370.0,681807,655989,26328166,24458387,0.0,3.93573672729,7.64473552569
"Moorestown township, Burlington County",3400547880,Moorestown township,Burlington County,1622.0,1636.0,681807,655989,26328166,24458387,-0.855745721271,3.93573672729,7.64473552569
"Mount Holly township, Burlington County",3400548900,Mount Holly township,Burlington County,921.0,844.0,681807,655989,26328166,24458387,9.12322274882,3.93573672729,7.64473552569
"Mount Laurel township, Burlington County",3400549020,Mount Laurel township,Burlington County,3533.0,3173.0,681807,655989,26328166,24458387,11.3457295934,3.93573672729,7.64473552569
"New Hanover township, Burlington County",3400551510,New Hanover township,Burlington County,914.0,997.0,681807,655989,26328166,24458387,-8.32497492477,3.93573672729,7.64473552569
"North Hanover township, Burlington County",3400553070,North Hanover township,Burlington County,926.0,597.0,681807,655989,26328166,24458387,55.1088777219,3.93573672729,7.64473552569
"Palmyra borough, Burlington County",3400555800,Palmyra borough,Burlington County,719.0,663.0,681807,655989,26328166,24458387,8.44645550528,3.93573672729,7.64473552569
"Pemberton borough, Burlington County",3400557480,Pemberton borough,Burlington County,347.0,330.0,681807,655989,26328166,24458387,5.15151515152,3.93573672729,7.64473552569
"Pemberton township, Burlington County",3400557510,Pemberton township,Burlington County,2257.0,2033.0,681807,655989,26328166,24458387,11.0181997049,3.93573672729,7.64473552569
"Riverside township, Burlington County",3400563510,Riverside township,Burlington County,815.0,649.0,681807,655989,26328166,24458387,25.5778120185,3.93573672729,7.64473552569
"Riverton borough, Burlington County",3400563660,Riverton borough,Burlington County,480.0,412.0,681807,655989,26328166,24458387,16.5048543689,3.93573672729,7.64473552569
"Shamong township, Burlington County",3400566810,Shamong township,Burlington County,339.0,446.0,681807,655989,26328166,24458387,-23.9910313901,3.93573672729,7.64473552569
"Southampton township, Burlington County",3400568610,Southampton township,Burlington County,919.0,901.0,681807,655989,26328166,24458387,1.99778024417,3.93573672729,7.64473552569
"Springfield township, Burlington County",3400569990,Springfield township,Burlington County,557.0,507.0,681807,655989,26328166,24458387,9.86193293886,3.93573672729,7.64473552569
"Tabernacle township, Burlington County",3400572060,Tabernacle township,Burlington County,375.0,445.0,681807,655989,26328166,24458387,-15.7303370787,3.93573672729,7.64473552569
"Washington township, Burlington County",3400577150,Washington township,Burlington County,239.0,207.0,681807,655989,26328166,24458387,15.4589371981,3.93573672729,7.64473552569
"Westampton township, Burlington County",3400578200,Westampton township,Burlington County,451.0,524.0,681807,655989,26328166,24458387,-13.9312977099,3.93573672729,7.64473552569
"Willingboro township, Burlington County",3400581440,Willingboro township,Burlington County,2680.0,2536.0,681807,655989,26328166,24458387,5.67823343849,3.93573672729,7.64473552569
"Woodland township, Burlington County",3400582420,Woodland township,Burlington County,351.0,313.0,681807,655989,26328166,24458387,12.1405750799,3.93573672729,7.64473552569
"Wrightstown borough, Burlington County",3400582960,Wrightstown borough,Burlington County,160.0,176.0,681807,655989,26328166,24458387,-9.09090909091,3.93573672729,7.64473552569
Camden County,34007,Camden County,New Jersey,39306.0,39864.0,681807,655989,26328166,24458387,-1.39975918122,3.93573672729,7.64473552569
"Audubon borough, Camden County",3400702200,Audubon borough,Camden County,837.0,805.0,681807,655989,26328166,24458387,3.9751552795,3.93573672729,7.64473552569
"Audubon Park borough, Camden County",3400702230,Audubon Park borough,Camden County,244.0,280.0,681807,655989,26328166,24458387,-12.8571428571,3.93573672729,7.64473552569
"Barrington borough, Camden County",3400703250,Barrington borough,Camden County,455.0,461.0,681807,655989,26328166,24458387,-1.30151843818,3.93573672729,7.64473552569
"Bellmawr borough, Camden County",3400704750,Bellmawr borough,Camden County,926.0,989.0,681807,655989,26328166,24458387,-6.37007077856,3.93573672729,7.64473552569
"Berlin borough, Camden County",3400705440,Berlin borough,Camden County,435.0,476.0,681807,655989,26328166,24458387,-8.61344537815,3.93573672729,7.64473552569
"Berlin township, Camden County",3400705470,Berlin township,Camden County,331.0,435.0,681807,655989,26328166,24458387,-23.908045977,3.93573672729,7.64473552569
"Brooklawn borough, Camden County",3400708170,Brooklawn borough,Camden County,468.0,303.0,681807,655989,26328166,24458387,54.4554455446,3.93573672729,7.64473552569
"Camden city, Camden County",3400710000,Camden city,Camden County,4012.0,4901.0,681807,655989,26328166,24458387,-18.1391552744,3.93573672729,7.64473552569
"Cherry Hill township, Camden County",3400712280,Cherry Hill township,Camden County,5434.0,5386.0,681807,655989,26328166,24458387,0.891199405867,3.93573672729,7.64473552569
"Chesilhurst borough, Camden County",3400712550,Chesilhurst borough,Camden County,323.0,387.0,681807,655989,26328166,24458387,-16.5374677003,3.93573672729,7.64473552569
"Clementon borough, Camden County",3400713420,Clementon borough,Camden County,226.0,264.0,681807,655989,26328166,24458387,-14.3939393939,3.93573672729,7.64473552569
"Collingswood borough, Camden County",3400714260,Collingswood borough,Camden County,1049.0,1138.0,681807,655989,26328166,24458387,-7.82073813708,3.93573672729,7.64473552569
"Gibbsboro borough, Camden County",3400726070,Gibbsboro borough,Camden County,571.0,393.0,681807,655989,26328166,24458387,45.2926208651,3.93573672729,7.64473552569
"Gloucester township, Camden County",3400726760,Gloucester township,Camden County,4158.0,4441.0,681807,655989,26328166,24458387,-6.37243863995,3.93573672729,7.64473552569
"Gloucester City city, Camden County",3400726820,Gloucester City city,Camden County,795.0,1031.0,681807,655989,26328166,24458387,-22.8903976722,3.93573672729,7.64473552569
"Haddon township, Camden County",3400728740,Haddon township,Camden County,1149.0,1219.0,681807,655989,26328166,24458387,-5.74241181296,3.93573672729,7.64473552569
"Haddonfield borough, Camden County",3400728770,Haddonfield borough,Camden County,1544.0,1218.0,681807,655989,26328166,24458387,26.7651888342,3.93573672729,7.64473552569
"Haddon Heights borough, Camden County",3400728800,Haddon Heights borough,Camden County,1065.0,809.0,681807,655989,26328166,24458387,31.6440049444,3.93573672729,7.64473552569
"Hi-Nella borough, Camden County",3400732220,Hi-Nella borough,Camden County,289.0,231.0,681807,655989,26328166,24458387,25.1082251082,3.93573672729,7.64473552569
"Laurel Springs borough, Camden County",3400739210,Laurel Springs borough,Camden County,460.0,447.0,681807,655989,26328166,24458387,2.90827740492,3.93573672729,7.64473552569
"Lawnside borough, Camden County",3400739420,Lawnside borough,Camden County,341.0,346.0,681807,655989,26328166,24458387,-1.4450867052,3.93573672729,7.64473552569
"Lindenwold borough, Camden County",3400740440,Lindenwold borough,Camden County,1016.0,1093.0,681807,655989,26328166,24458387,-7.04483074108,3.93573672729,7.64473552569
"Magnolia borough, Camden County",3400742630,Magnolia borough,Camden County,425.0,352.0,681807,655989,26328166,24458387,20.7386363636,3.93573672729,7.64473552569
"Merchantville borough, Camden County",3400745510,Merchantville borough,Camden County,310.0,288.0,681807,655989,26328166,24458387,7.63888888889,3.93573672729,7.64473552569
"Mount Ephraim borough, Camden County",3400748750,Mount Ephraim borough,Camden County,407.0,428.0,681807,655989,26328166,24458387,-4.90654205607,3.93573672729,7.64473552569
"Oaklyn borough, Camden County",3400753880,Oaklyn borough,Camden County,587.0,429.0,681807,655989,26328166,24458387,36.8298368298,3.93573672729,7.64473552569
"Pennsauken township, Camden County",3400757660,Pennsauken township,Camden County,2693.0,2766.0,681807,655989,26328166,24458387,-2.63919016631,3.93573672729,7.64473552569
"Pine Hill borough, Camden County",3400758770,Pine Hill borough,Camden County,760.0,829.0,681807,655989,26328166,24458387,-8.32328106152,3.93573672729,7.64473552569
"Pine Valley borough, Camden County",3400758920,Pine Valley borough,Camden County,,,681807,655989,26328166,24458387,,3.93573672729,7.64473552569
"Runnemede borough, Camden County",3400765160,Runnemede borough,Camden County,726.0,625.0,681807,655989,26328166,24458387,16.16,3.93573672729,7.64473552569
"Somerdale borough, Camden County",3400768340,Somerdale borough,Camden County,568.0,496.0,681807,655989,26328166,24458387,14.5161290323,3.93573672729,7.64473552569
"Stratford borough, Camden County",3400771220,Stratford borough,Camden County,645.0,625.0,681807,655989,26328166,24458387,3.2,3.93573672729,7.64473552569
"Tavistock borough, Camden County",3400772240,Tavistock borough,Camden County,,,681807,655989,26328166,24458387,,3.93573672729,7.64473552569
"Voorhees township, Camden County",3400776220,Voorhees township,Camden County,2122.0,2115.0,681807,655989,26328166,24458387,0.330969267139,3.93573672729,7.64473552569
"Waterford township, Camden County",3400777630,Waterford township,Camden County,891.0,796.0,681807,655989,26328166,24458387,11.9346733668,3.93573672729,7.64473552569
"Winslow township, Camden County",3400781740,Winslow township,Camden County,2708.0,2730.0,681807,655989,26328166,24458387,-0.805860805861,3.93573672729,7.64473552569
"Woodlynne borough, Camden County",3400782450,Woodlynne borough,Camden County,330.0,325.0,681807,655989,26328166,24458387,1.53846153846,3.93573672729,7.64473552569
Cape May County,34009,Cape May County,New Jersey,9859.0,8529.0,681807,655989,26328166,24458387,15.5938562551,3.93573672729,7.64473552569
"Avalon borough, Cape May County",3400902320,Avalon borough,Cape May County,502.0,300.0,681807,655989,26328166,24458387,67.3333333333,3.93573672729,7.64473552569
"Cape May city, Cape May County",3400910270,Cape May city,Cape May County,344.0,396.0,681807,655989,26328166,24458387,-13.1313131313,3.93573672729,7.64473552569
"Cape May Point borough, Cape May County",3400910330,Cape May Point borough,Cape May County,121.0,72.0,681807,655989,26328166,24458387,68.0555555556,3.93573672729,7.64473552569
"Dennis township, Cape May County",3400917560,Dennis township,Cape May County,639.0,645.0,681807,655989,26328166,24458387,-0.93023255814,3.93573672729,7.64473552569
"Lower township, Cape May County",3400941610,Lower township,Cape May County,1668.0,1648.0,681807,655989,26328166,24458387,1.21359223301,3.93573672729,7.64473552569
"Middle township, Cape May County",3400945810,Middle township,Cape May County,1397.0,1420.0,681807,655989,26328166,24458387,-1.61971830986,3.93573672729,7.64473552569
"North Wildwood city, Cape May County",3400953490,North Wildwood city,Cape May County,201.0,255.0,681807,655989,26328166,24458387,-21.1764705882,3.93573672729,7.64473552569
"Ocean City city, Cape May County",3400954360,Ocean City city,Cape May County,1438.0,1014.0,681807,655989,26328166,24458387,41.8145956607,3.93573672729,7.64473552569
"Sea Isle City city, Cape May County",3400966390,Sea Isle City city,Cape May County,422.0,224.0,681807,655989,26328166,24458387,88.3928571429,3.93573672729,7.64473552569
"Stone Harbor borough, Cape May County",3400971010,Stone Harbor borough,Cape May County,333.0,213.0,681807,655989,26328166,24458387,56.338028169,3.93573672729,7.64473552569
"Upper township, Cape May County",3400974810,Upper township,Cape May County,1150.0,1039.0,681807,655989,26328166,24458387,10.6833493744,3.93573672729,7.64473552569
"West Cape May borough, Cape May County",3400978530,West Cape May borough,Cape May County,271.0,273.0,681807,655989,26328166,24458387,-0.732600732601,3.93573672729,7.64473552569
"West Wildwood borough, Cape May County",3400980210,West Wildwood borough,Cape May County,185.0,184.0,681807,655989,26328166,24458387,0.54347826087,3.93573672729,7.64473552569
"Wildwood city, Cape May County",3400981170,Wildwood city,Cape May County,431.0,235.0,681807,655989,26328166,24458387,83.4042553191,3.93573672729,7.64473552569
"Wildwood Crest borough, Cape May County",3400981200,Wildwood Crest borough,Cape May County,317.0,260.0,681807,655989,26328166,24458387,21.9230769231,3.93573672729,7.64473552569
"Woodbine borough, Cape May County",3400981890,Woodbine borough,Cape May County,440.0,351.0,681807,655989,26328166,24458387,25.3561253561,3.93573672729,7.64473552569
Cumberland County,34011,Cumberland County,New Jersey,13793.0,14396.0,681807,655989,26328166,24458387,-4.18866351764,3.93573672729,7.64473552569
"Bridgeton city, Cumberland County",3401107600,Bridgeton city,Cumberland County,2321.0,2723.0,681807,655989,26328166,24458387,-14.7631289019,3.93573672729,7.64473552569
"Commercial township, Cumberland County",3401114710,Commercial township,Cumberland County,381.0,340.0,681807,655989,26328166,24458387,12.0588235294,3.93573672729,7.64473552569
"Deerfield township, Cumberland County",3401116900,Deerfield township,Cumberland County,588.0,494.0,681807,655989,26328166,24458387,19.028340081,3.93573672729,7.64473552569
"Downe township, Cumberland County",3401118220,Downe township,Cumberland County,334.0,241.0,681807,655989,26328166,24458387,38.5892116183,3.93573672729,7.64473552569
"Fairfield township, Cumberland County",3401122350,Fairfield township,Cumberland County,1933.0,1819.0,681807,655989,26328166,24458387,6.2671797691,3.93573672729,7.64473552569
"Greenwich township, Cumberland County",3401128170,Greenwich township,Cumberland County,291.0,244.0,681807,655989,26328166,24458387,19.262295082,3.93573672729,7.64473552569
"Hopewell township, Cumberland County",3401133120,Hopewell township,Cumberland County,451.0,372.0,681807,655989,26328166,24458387,21.2365591398,3.93573672729,7.64473552569
"Lawrence township, Cumberland County",3401139450,Lawrence township,Cumberland County,432.0,400.0,681807,655989,26328166,24458387,8.0,3.93573672729,7.64473552569
"Maurice River township, Cumberland County",3401144580,Maurice River township,Cumberland County,1329.0,1055.0,681807,655989,26328166,24458387,25.971563981,3.93573672729,7.64473552569
"Millville city, Cumberland County",3401146680,Millville city,Cumberland County,1531.0,1927.0,681807,655989,26328166,24458387,-20.5500778412,3.93573672729,7.64473552569
"Shiloh borough, Cumberland County",3401167020,Shiloh borough,Cumberland County,193.0,187.0,681807,655989,26328166,24458387,3.20855614973,3.93573672729,7.64473552569
"Stow Creek township, Cumberland County",3401171160,Stow Creek township,Cumberland County,319.0,360.0,681807,655989,26328166,24458387,-11.3888888889,3.93573672729,7.64473552569
"Upper Deerfield township, Cumberland County",3401174870,Upper Deerfield township,Cumberland County,333.0,501.0,681807,655989,26328166,24458387,-33.5329341317,3.93573672729,7.64473552569
"Vineland city, Cumberland County",3401176070,Vineland city,Cumberland County,3357.0,3733.0,681807,655989,26328166,24458387,-10.0723278864,3.93573672729,7.64473552569
Essex County,34013,Essex County,New Jersey,57063.0,55867.0,681807,655989,26328166,24458387,2.14079868259,3.93573672729,7.64473552569
"Belleville township, Essex County",3401304695,Belleville township,Essex County,2459.0,2595.0,681807,655989,26328166,24458387,-5.2408477842,3.93573672729,7.64473552569
"Bloomfield township, Essex County",3401306260,Bloomfield township,Essex County,3921.0,3528.0,681807,655989,26328166,24458387,11.1394557823,3.93573672729,7.64473552569
"Caldwell borough, Essex County",3401309250,Caldwell borough,Essex County,749.0,478.0,681807,655989,26328166,24458387,56.6945606695,3.93573672729,7.64473552569
"Cedar Grove township, Essex County",3401311200,Cedar Grove township,Essex County,961.0,1011.0,681807,655989,26328166,24458387,-4.94559841741,3.93573672729,7.64473552569
"City of Orange township, Essex County",3401313045,City of Orange township,Essex County,1690.0,1880.0,681807,655989,26328166,24458387,-10.1063829787,3.93573672729,7.64473552569
"East Orange city, Essex County",3401319390,East Orange city,Essex County,4536.0,4134.0,681807,655989,26328166,24458387,9.72423802612,3.93573672729,7.64473552569
"Essex Fells borough, Essex County",3401321840,Essex Fells borough,Essex County,528.0,582.0,681807,655989,26328166,24458387,-9.27835051546,3.93573672729,7.64473552569
"Fairfield township, Essex County",3401322385,Fairfield township,Essex County,383.0,451.0,681807,655989,26328166,24458387,-15.0776053215,3.93573672729,7.64473552569
"Glen Ridge borough, Essex County",3401326610,Glen Ridge borough,Essex County,431.0,484.0,681807,655989,26328166,24458387,-10.9504132231,3.93573672729,7.64473552569
"Irvington township, Essex County",3401334450,Irvington township,Essex County,2987.0,3181.0,681807,655989,26328166,24458387,-6.09871109714,3.93573672729,7.64473552569
"Livingston township, Essex County",3401340890,Livingston township,Essex County,2266.0,2373.0,681807,655989,26328166,24458387,-4.50906026127,3.93573672729,7.64473552569
"Maplewood township, Essex County",3401343800,Maplewood township,Essex County,2356.0,1945.0,681807,655989,26328166,24458387,21.1311053985,3.93573672729,7.64473552569
"Millburn township, Essex County",3401346380,Millburn township,Essex County,2052.0,1863.0,681807,655989,26328166,24458387,10.1449275362,3.93573672729,7.64473552569
"Montclair township, Essex County",3401347500,Montclair township,Essex County,3517.0,3269.0,681807,655989,26328166,24458387,7.58641786479,3.93573672729,7.64473552569
"Newark city, Essex County",3401351000,Newark city,Essex County,18443.0,18485.0,681807,655989,26328166,24458387,-0.227211252367,3.93573672729,7.64473552569
"North Caldwell borough, Essex County",3401352620,North Caldwell borough,Essex County,328.0,362.0,681807,655989,26328166,24458387,-9.39226519337,3.93573672729,7.64473552569
"Nutley township, Essex County",3401353680,Nutley township,Essex County,2196.0,2050.0,681807,655989,26328166,24458387,7.12195121951,3.93573672729,7.64473552569
"Roseland borough, Essex County",3401364590,Roseland borough,Essex County,322.0,343.0,681807,655989,26328166,24458387,-6.12244897959,3.93573672729,7.64473552569
"South Orange Village township, Essex County",3401369274,South Orange Village township,Essex County,1738.0,1504.0,681807,655989,26328166,24458387,15.5585106383,3.93573672729,7.64473552569
"Verona township, Essex County",3401375815,Verona township,Essex County,978.0,1037.0,681807,655989,26328166,24458387,-5.68948891032,3.93573672729,7.64473552569
"West Caldwell township, Essex County",3401378510,West Caldwell township,Essex County,1191.0,1105.0,681807,655989,26328166,24458387,7.78280542986,3.93573672729,7.64473552569
"West Orange township, Essex County",3401379800,West Orange township,Essex County,3031.0,3207.0,681807,655989,26328166,24458387,-5.48799501091,3.93573672729,7.64473552569
Gloucester County,34015,Gloucester County,New Jersey,23738.0,23017.0,681807,655989,26328166,24458387,3.13246730677,3.93573672729,7.64473552569
"Clayton borough, Gloucester County",3401513360,Clayton borough,Gloucester County,379.0,449.0,681807,655989,26328166,24458387,-15.5902004454,3.93573672729,7.64473552569
"Deptford township, Gloucester County",3401517710,Deptford township,Gloucester County,2439.0,2278.0,681807,655989,26328166,24458387,7.06760316067,3.93573672729,7.64473552569
"East Greenwich township, Gloucester County",3401519180,East Greenwich township,Gloucester County,603.0,682.0,681807,655989,26328166,24458387,-11.5835777126,3.93573672729,7.64473552569
"Elk township, Gloucester County",3401521060,Elk township,Gloucester County,289.0,317.0,681807,655989,26328166,24458387,-8.83280757098,3.93573672729,7.64473552569
"Franklin township, Gloucester County",3401524840,Franklin township,Gloucester County,1526.0,1424.0,681807,655989,26328166,24458387,7.16292134831,3.93573672729,7.64473552569
"Glassboro borough, Gloucester County",3401526340,Glassboro borough,Gloucester County,1756.0,1575.0,681807,655989,26328166,24458387,11.4920634921,3.93573672729,7.64473552569
"Greenwich township, Gloucester County",3401528185,Greenwich township,Gloucester County,414.0,399.0,681807,655989,26328166,24458387,3.75939849624,3.93573672729,7.64473552569
"Harrison township, Gloucester County",3401530180,Harrison township,Gloucester County,873.0,807.0,681807,655989,26328166,24458387,8.17843866171,3.93573672729,7.64473552569
"Logan township, Gloucester County",3401541160,Logan township,Gloucester County,348.0,361.0,681807,655989,26328166,24458387,-3.60110803324,3.93573672729,7.64473552569
"Mantua township, Gloucester County",3401543440,Mantua township,Gloucester County,968.0,981.0,681807,655989,26328166,24458387,-1.3251783894,3.93573672729,7.64473552569
"Monroe township, Gloucester County",3401547250,Monroe township,Gloucester County,2244.0,2367.0,681807,655989,26328166,24458387,-5.19645120406,3.93573672729,7.64473552569
"National Park borough, Gloucester County",3401549680,National Park borough,Gloucester County,473.0,473.0,681807,655989,26328166,24458387,0.0,3.93573672729,7.64473552569
"Newfield borough, Gloucester County",3401551390,Newfield borough,Gloucester County,414.0,415.0,681807,655989,26328166,24458387,-0.240963855422,3.93573672729,7.64473552569
"Paulsboro borough, Gloucester County",3401557150,Paulsboro borough,Gloucester County,227.0,277.0,681807,655989,26328166,24458387,-18.0505415162,3.93573672729,7.64473552569
"Pitman borough, Gloucester County",3401559070,Pitman borough,Gloucester County,805.0,829.0,681807,655989,26328166,24458387,-2.89505428227,3.93573672729,7.64473552569
"South Harrison township, Gloucester County",3401569030,South Harrison township,Gloucester County,564.0,483.0,681807,655989,26328166,24458387,16.7701863354,3.93573672729,7.64473552569
"Swedesboro borough, Gloucester County",3401571850,Swedesboro borough,Gloucester County,368.0,364.0,681807,655989,26328166,24458387,1.0989010989,3.93573672729,7.64473552569
"Washington township, Gloucester County",3401577180,Washington township,Gloucester County,4243.0,4094.0,681807,655989,26328166,24458387,3.63947239863,3.93573672729,7.64473552569
"Wenonah borough, Gloucester County",3401578110,Wenonah borough,Gloucester County,412.0,347.0,681807,655989,26328166,24458387,18.7319884726,3.93573672729,7.64473552569
"West Deptford township, Gloucester County",3401578800,West Deptford township,Gloucester County,1882.0,1759.0,681807,655989,26328166,24458387,6.99260943718,3.93573672729,7.64473552569
"Westville borough, Gloucester County",3401580120,Westville borough,Gloucester County,371.0,330.0,681807,655989,26328166,24458387,12.4242424242,3.93573672729,7.64473552569
"Woodbury city, Gloucester County",3401582120,Woodbury city,Gloucester County,915.0,828.0,681807,655989,26328166,24458387,10.5072463768,3.93573672729,7.64473552569
"Woodbury Heights borough, Gloucester County",3401582180,Woodbury Heights borough,Gloucester County,491.0,418.0,681807,655989,26328166,24458387,17.4641148325,3.93573672729,7.64473552569
"Woolwich township, Gloucester County",3401582840,Woolwich township,Gloucester County,734.0,760.0,681807,655989,26328166,24458387,-3.42105263158,3.93573672729,7.64473552569
Hudson County,34017,Hudson County,New Jersey,46434.0,41282.0,681807,655989,26328166,24458387,12.4800155031,3.93573672729,7.64473552569
"Bayonne city, Hudson County",3401703580,Bayonne city,Hudson County,4505.0,4156.0,681807,655989,26328166,24458387,8.39749759384,3.93573672729,7.64473552569
"East Newark borough, Hudson County",3401719360,East Newark borough,Hudson County,385.0,462.0,681807,655989,26328166,24458387,-16.6666666667,3.93573672729,7.64473552569
"Guttenberg town, Hudson County",3401728650,Guttenberg town,Hudson County,646.0,516.0,681807,655989,26328166,24458387,25.1937984496,3.93573672729,7.64473552569
"Harrison town, Hudson County",3401730210,Harrison town,Hudson County,1434.0,1143.0,681807,655989,26328166,24458387,25.4593175853,3.93573672729,7.64473552569
"Hoboken city, Hudson County",3401732250,Hoboken city,Hudson County,4048.0,3390.0,681807,655989,26328166,24458387,19.4100294985,3.93573672729,7.64473552569
"Jersey City city, Hudson County",3401736000,Jersey City city,Hudson County,18325.0,16243.0,681807,655989,26328166,24458387,12.8178292187,3.93573672729,7.64473552569
"Kearny town, Hudson County",3401736510,Kearny town,Hudson County,3271.0,3174.0,681807,655989,26328166,24458387,3.05608065532,3.93573672729,7.64473552569
"North Bergen township, Hudson County",3401752470,North Bergen township,Hudson County,3553.0,3356.0,681807,655989,26328166,24458387,5.87008343266,3.93573672729,7.64473552569
"Secaucus town, Hudson County",3401766570,Secaucus town,Hudson County,1220.0,1117.0,681807,655989,26328166,24458387,9.22112802149,3.93573672729,7.64473552569
"Union City city, Hudson County",3401774630,Union City city,Hudson County,4756.0,4102.0,681807,655989,26328166,24458387,15.9434422233,3.93573672729,7.64473552569
"Weehawken township, Hudson County",3401777930,Weehawken township,Hudson County,1147.0,856.0,681807,655989,26328166,24458387,33.9953271028,3.93573672729,7.64473552569
"West New York town, Hudson County",3401779610,West New York town,Hudson County,3144.0,2767.0,681807,655989,26328166,24458387,13.6248644742,3.93573672729,7.64473552569
Hunterdon County,34019,Hunterdon County,New Jersey,12083.0,12460.0,681807,655989,26328166,24458387,-3.02568218299,3.93573672729,7.64473552569
"Alexandria township, Hunterdon County",3401900550,Alexandria township,Hunterdon County,312.0,279.0,681807,655989,26328166,24458387,11.8279569892,3.93573672729,7.64473552569
"Bethlehem township, Hunterdon County",3401905650,Bethlehem township,Hunterdon County,367.0,335.0,681807,655989,26328166,24458387,9.55223880597,3.93573672729,7.64473552569
"Bloomsbury borough, Hunterdon County",3401906370,Bloomsbury borough,Hunterdon County,289.0,266.0,681807,655989,26328166,24458387,8.64661654135,3.93573672729,7.64473552569
"Califon borough, Hunterdon County",3401909280,Califon borough,Hunterdon County,409.0,345.0,681807,655989,26328166,24458387,18.5507246377,3.93573672729,7.64473552569
"Clinton town, Hunterdon County",3401913720,Clinton town,Hunterdon County,473.0,426.0,681807,655989,26328166,24458387,11.0328638498,3.93573672729,7.64473552569
"Clinton township, Hunterdon County",3401913750,Clinton township,Hunterdon County,1322.0,1174.0,681807,655989,26328166,24458387,12.6064735945,3.93573672729,7.64473552569
"Delaware township, Hunterdon County",3401917170,Delaware township,Hunterdon County,237.0,331.0,681807,655989,26328166,24458387,-28.3987915408,3.93573672729,7.64473552569
"East Amwell township, Hunterdon County",3401918820,East Amwell township,Hunterdon County,398.0,373.0,681807,655989,26328166,24458387,6.70241286863,3.93573672729,7.64473552569
"Flemington borough, Hunterdon County",3401923700,Flemington borough,Hunterdon County,383.0,359.0,681807,655989,26328166,24458387,6.6852367688,3.93573672729,7.64473552569
"Franklin township, Hunterdon County",3401924870,Franklin township,Hunterdon County,509.0,450.0,681807,655989,26328166,24458387,13.1111111111,3.93573672729,7.64473552569
"Frenchtown borough, Hunterdon County",3401925350,Frenchtown borough,Hunterdon County,329.0,353.0,681807,655989,26328166,24458387,-6.79886685552,3.93573672729,7.64473552569
"Glen Gardner borough, Hunterdon County",3401926550,Glen Gardner borough,Hunterdon County,394.0,448.0,681807,655989,26328166,24458387,-12.0535714286,3.93573672729,7.64473552569
"Hampton borough, Hunterdon County",3401929460,Hampton borough,Hunterdon County,318.0,345.0,681807,655989,26328166,24458387,-7.82608695652,3.93573672729,7.64473552569
"High Bridge borough, Hunterdon County",3401931320,High Bridge borough,Hunterdon County,315.0,361.0,681807,655989,26328166,24458387,-12.7423822715,3.93573672729,7.64473552569
"Holland township, Hunterdon County",3401932460,Holland township,Hunterdon County,488.0,478.0,681807,655989,26328166,24458387,2.09205020921,3.93573672729,7.64473552569
"Kingwood township, Hunterdon County",3401937065,Kingwood township,Hunterdon County,195.0,243.0,681807,655989,26328166,24458387,-19.7530864198,3.93573672729,7.64473552569
"Lambertville city, Hunterdon County",3401938610,Lambertville city,Hunterdon County,213.0,297.0,681807,655989,26328166,24458387,-28.2828282828,3.93573672729,7.64473552569
"Lebanon borough, Hunterdon County",3401939630,Lebanon borough,Hunterdon County,368.0,351.0,681807,655989,26328166,24458387,4.8433048433,3.93573672729,7.64473552569
"Lebanon township, Hunterdon County",3401939660,Lebanon township,Hunterdon County,346.0,450.0,681807,655989,26328166,24458387,-23.1111111111,3.93573672729,7.64473552569
"Milford borough, Hunterdon County",3401946260,Milford borough,Hunterdon County,313.0,332.0,681807,655989,26328166,24458387,-5.72289156627,3.93573672729,7.64473552569
"Raritan township, Hunterdon County",3401961920,Raritan township,Hunterdon County,1456.0,1668.0,681807,655989,26328166,24458387,-12.7098321343,3.93573672729,7.64473552569
"Readington township, Hunterdon County",3401962250,Readington township,Hunterdon County,1036.0,1111.0,681807,655989,26328166,24458387,-6.75067506751,3.93573672729,7.64473552569
"Stockton borough, Hunterdon County",3401970980,Stockton borough,Hunterdon County,212.0,163.0,681807,655989,26328166,24458387,30.0613496933,3.93573672729,7.64473552569
"Tewksbury township, Hunterdon County",3401972510,Tewksbury township,Hunterdon County,287.0,365.0,681807,655989,26328166,24458387,-21.3698630137,3.93573672729,7.64473552569
"Union township, Hunterdon County",3401974420,Union township,Hunterdon County,623.0,742.0,681807,655989,26328166,24458387,-16.0377358491,3.93573672729,7.64473552569
"West Amwell township, Hunterdon County",3401978230,West Amwell township,Hunterdon County,491.0,415.0,681807,655989,26328166,24458387,18.313253012,3.93573672729,7.64473552569
Mercer County,34021,Mercer County,New Jersey,25672.0,25756.0,681807,655989,26328166,24458387,-0.326137599006,3.93573672729,7.64473552569
"East Windsor township, Mercer County",3402119780,East Windsor township,Mercer County,1442.0,1588.0,681807,655989,26328166,24458387,-9.19395465995,3.93573672729,7.64473552569
"Ewing township, Mercer County",3402122185,Ewing township,Mercer County,2974.0,2827.0,681807,655989,26328166,24458387,5.19985850725,3.93573672729,7.64473552569
"Hamilton township, Mercer County",3402129310,Hamilton township,Mercer County,5496.0,5830.0,681807,655989,26328166,24458387,-5.72898799314,3.93573672729,7.64473552569
"Hightstown borough, Mercer County",3402131620,Hightstown borough,Mercer County,253.0,332.0,681807,655989,26328166,24458387,-23.7951807229,3.93573672729,7.64473552569
"Hopewell borough, Mercer County",3402133150,Hopewell borough,Mercer County,526.0,554.0,681807,655989,26328166,24458387,-5.05415162455,3.93573672729,7.64473552569
"Hopewell township, Mercer County",3402133180,Hopewell township,Mercer County,1255.0,1190.0,681807,655989,26328166,24458387,5.46218487395,3.93573672729,7.64473552569
"Lawrence township, Mercer County",3402139510,Lawrence township,Mercer County,2178.0,2242.0,681807,655989,26328166,24458387,-2.8545941124,3.93573672729,7.64473552569
"Pennington borough, Mercer County",3402157600,Pennington borough,Mercer County,424.0,428.0,681807,655989,26328166,24458387,-0.934579439252,3.93573672729,7.64473552569
"Princeton, Mercer County",3402160900,Princeton borough,Mercer County,2817.0,1266.0,681807,655989,26328166,24458387,122.511848341,3.93573672729,7.64473552569
"Robbinsville township, Mercer County",3402163850,Robbinsville township,Mercer County,976.0,799.0,681807,655989,26328166,24458387,22.1526908636,3.93573672729,7.64473552569
"Trenton city, Mercer County",3402174000,Trenton city,Mercer County,5501.0,5529.0,681807,655989,26328166,24458387,-0.506420690903,3.93573672729,7.64473552569
"West Windsor township, Mercer County",3402180240,West Windsor township,Mercer County,1830.0,2011.0,681807,655989,26328166,24458387,-9.00049726504,3.93573672729,7.64473552569
Middlesex County,34023,Middlesex County,New Jersey,64791.0,61481.0,681807,655989,26328166,24458387,5.38377710187,3.93573672729,7.64473552569
"Carteret borough, Middlesex County",3402310750,Carteret borough,Middlesex County,1216.0,1415.0,681807,655989,26328166,24458387,-14.0636042403,3.93573672729,7.64473552569
"Cranbury township, Middlesex County",3402315550,Cranbury township,Middlesex County,405.0,412.0,681807,655989,26328166,24458387,-1.69902912621,3.93573672729,7.64473552569
"Dunellen borough, Middlesex County",3402318490,Dunellen borough,Middlesex County,360.0,322.0,681807,655989,26328166,24458387,11.801242236,3.93573672729,7.64473552569
"East Brunswick township, Middlesex County",3402319000,East Brunswick township,Middlesex County,4350.0,4110.0,681807,655989,26328166,24458387,5.83941605839,3.93573672729,7.64473552569
"Edison township, Middlesex County",3402320230,Edison township,Middlesex County,8960.0,8034.0,681807,655989,26328166,24458387,11.5260144386,3.93573672729,7.64473552569
"Helmetta borough, Middlesex County",3402330840,Helmetta borough,Middlesex County,343.0,353.0,681807,655989,26328166,24458387,-2.8328611898,3.93573672729,7.64473552569
"Highland Park borough, Middlesex County",3402331470,Highland Park borough,Middlesex County,1184.0,1059.0,681807,655989,26328166,24458387,11.8035882908,3.93573672729,7.64473552569
"Jamesburg borough, Middlesex County",3402334890,Jamesburg borough,Middlesex County,271.0,349.0,681807,655989,26328166,24458387,-22.3495702006,3.93573672729,7.64473552569
"Metuchen borough, Middlesex County",3402345690,Metuchen borough,Middlesex County,1472.0,1254.0,681807,655989,26328166,24458387,17.3843700159,3.93573672729,7.64473552569
"Middlesex borough, Middlesex County",3402345900,Middlesex borough,Middlesex County,694.0,756.0,681807,655989,26328166,24458387,-8.20105820106,3.93573672729,7.64473552569
"Milltown borough, Middlesex County",3402346620,Milltown borough,Middlesex County,322.0,386.0,681807,655989,26328166,24458387,-16.5803108808,3.93573672729,7.64473552569
"Monroe township, Middlesex County",3402347280,Monroe township,Middlesex County,2783.0,3023.0,681807,655989,26328166,24458387,-7.93913331128,3.93573672729,7.64473552569
"New Brunswick city, Middlesex County",3402351210,New Brunswick city,Middlesex County,4455.0,4048.0,681807,655989,26328166,24458387,10.0543478261,3.93573672729,7.64473552569
"North Brunswick township, Middlesex County",3402352560,North Brunswick township,Middlesex County,3063.0,2783.0,681807,655989,26328166,24458387,10.0610851599,3.93573672729,7.64473552569
"Old Bridge township, Middlesex County",3402354705,Old Bridge township,Middlesex County,5124.0,4974.0,681807,655989,26328166,24458387,3.01568154403,3.93573672729,7.64473552569
"Perth Amboy city, Middlesex County",3402358200,Perth Amboy city,Middlesex County,3526.0,3274.0,681807,655989,26328166,24458387,7.69700671961,3.93573672729,7.64473552569
"Piscataway township, Middlesex County",3402359010,Piscataway township,Middlesex County,5796.0,4581.0,681807,655989,26328166,24458387,26.5225933202,3.93573672729,7.64473552569
"Plainsboro township, Middlesex County",3402359280,Plainsboro township,Middlesex County,1596.0,1623.0,681807,655989,26328166,24458387,-1.66358595194,3.93573672729,7.64473552569
"Sayreville borough, Middlesex County",3402365790,Sayreville borough,Middlesex County,3419.0,3372.0,681807,655989,26328166,24458387,1.39383155397,3.93573672729,7.64473552569
"South Amboy city, Middlesex County",3402368550,South Amboy city,Middlesex County,550.0,598.0,681807,655989,26328166,24458387,-8.02675585284,3.93573672729,7.64473552569
"South Brunswick township, Middlesex County",3402368790,South Brunswick township,Middlesex County,3115.0,3044.0,681807,655989,26328166,24458387,2.33245729304,3.93573672729,7.64473552569
"South Plainfield borough, Middlesex County",3402369390,South Plainfield borough,Middlesex County,2249.0,1991.0,681807,655989,26328166,24458387,12.9583124058,3.93573672729,7.64473552569
"South River borough, Middlesex County",3402369420,South River borough,Middlesex County,961.0,1082.0,681807,655989,26328166,24458387,-11.1829944547,3.93573672729,7.64473552569
"Spotswood borough, Middlesex County",3402369810,Spotswood borough,Middlesex County,701.0,700.0,681807,655989,26328166,24458387,0.142857142857,3.93573672729,7.64473552569
"Woodbridge township, Middlesex County",3402382000,Woodbridge township,Middlesex County,7876.0,7938.0,681807,655989,26328166,24458387,-0.781053162006,3.93573672729,7.64473552569
Monmouth County,34025,Monmouth County,New Jersey,50227.0,49002.0,681807,655989,26328166,24458387,2.49989796335,3.93573672729,7.64473552569
"Aberdeen township, Monmouth County",3402500070,Aberdeen township,Monmouth County,1845.0,1594.0,681807,655989,26328166,24458387,15.7465495609,3.93573672729,7.64473552569
"Allenhurst borough, Monmouth County",3402500730,Allenhurst borough,Monmouth County,199.0,152.0,681807,655989,26328166,24458387,30.9210526316,3.93573672729,7.64473552569
"Allentown borough, Monmouth County",3402500760,Allentown borough,Monmouth County,504.0,512.0,681807,655989,26328166,24458387,-1.5625,3.93573672729,7.64473552569
"Asbury Park city, Monmouth County",3402501960,Asbury Park city,Monmouth County,1169.0,1067.0,681807,655989,26328166,24458387,9.5595126523,3.93573672729,7.64473552569
"Atlantic Highlands borough, Monmouth County",3402502110,Atlantic Highlands borough,Monmouth County,431.0,334.0,681807,655989,26328166,24458387,29.0419161677,3.93573672729,7.64473552569
"Avon-by-the-Sea borough, Monmouth County",3402502440,Avon-by-the-Sea borough,Monmouth County,356.0,288.0,681807,655989,26328166,24458387,23.6111111111,3.93573672729,7.64473552569
"Belmar borough, Monmouth County",3402504930,Belmar borough,Monmouth County,565.0,437.0,681807,655989,26328166,24458387,29.290617849,3.93573672729,7.64473552569
"Bradley Beach borough, Monmouth County",3402506970,Bradley Beach borough,Monmouth County,226.0,202.0,681807,655989,26328166,24458387,11.8811881188,3.93573672729,7.64473552569
"Brielle borough, Monmouth County",3402507750,Brielle borough,Monmouth County,412.0,363.0,681807,655989,26328166,24458387,13.4986225895,3.93573672729,7.64473552569
"Colts Neck township, Monmouth County",3402514560,Colts Neck township,Monmouth County,881.0,921.0,681807,655989,26328166,24458387,-4.3431053203,3.93573672729,7.64473552569
"Deal borough, Monmouth County",3402516660,Deal borough,Monmouth County,220.0,249.0,681807,655989,26328166,24458387,-11.6465863454,3.93573672729,7.64473552569
"Eatontown borough, Monmouth County",3402519840,Eatontown borough,Monmouth County,872.0,1021.0,681807,655989,26328166,24458387,-14.5935357493,3.93573672729,7.64473552569
"Englishtown borough, Monmouth County",3402521570,Englishtown borough,Monmouth County,366.0,475.0,681807,655989,26328166,24458387,-22.9473684211,3.93573672729,7.64473552569
"Fair Haven borough, Monmouth County",3402522440,Fair Haven borough,Monmouth County,632.0,439.0,681807,655989,26328166,24458387,43.9635535308,3.93573672729,7.64473552569
"Farmingdale borough, Monmouth County",3402522950,Farmingdale borough,Monmouth County,331.0,375.0,681807,655989,26328166,24458387,-11.7333333333,3.93573672729,7.64473552569
"Freehold borough, Monmouth County",3402525200,Freehold borough,Monmouth County,1145.0,1037.0,681807,655989,26328166,24458387,10.4146576663,3.93573672729,7.64473552569
"Freehold township, Monmouth County",3402525230,Freehold township,Monmouth County,2236.0,2602.0,681807,655989,26328166,24458387,-14.0661029977,3.93573672729,7.64473552569
"Hazlet township, Monmouth County",3402530690,Hazlet township,Monmouth County,1612.0,1675.0,681807,655989,26328166,24458387,-3.76119402985,3.93573672729,7.64473552569
"Highlands borough, Monmouth County",3402531500,Highlands borough,Monmouth County,176.0,297.0,681807,655989,26328166,24458387,-40.7407407407,3.93573672729,7.64473552569
"Holmdel township, Monmouth County",3402532640,Holmdel township,Monmouth County,1128.0,1158.0,681807,655989,26328166,24458387,-2.59067357513,3.93573672729,7.64473552569
"Howell township, Monmouth County",3402533300,Howell township,Monmouth County,3981.0,3716.0,681807,655989,26328166,24458387,7.13132400431,3.93573672729,7.64473552569
"Interlaken borough, Monmouth County",3402534200,Interlaken borough,Monmouth County,336.0,299.0,681807,655989,26328166,24458387,12.3745819398,3.93573672729,7.64473552569
"Keansburg borough, Monmouth County",3402536480,Keansburg borough,Monmouth County,514.0,658.0,681807,655989,26328166,24458387,-21.8844984802,3.93573672729,7.64473552569
"Keyport borough, Monmouth County",3402536810,Keyport borough,Monmouth County,560.0,577.0,681807,655989,26328166,24458387,-2.94627383016,3.93573672729,7.64473552569
"Lake Como borough, Monmouth County",3402537560,Lake Como borough,Monmouth County,347.0,229.0,681807,655989,26328166,24458387,51.5283842795,3.93573672729,7.64473552569
"Little Silver borough, Monmouth County",3402540770,Little Silver borough,Monmouth County,343.0,379.0,681807,655989,26328166,24458387,-9.49868073879,3.93573672729,7.64473552569
"Loch Arbour village, Monmouth County",3402541010,Loch Arbour village,Monmouth County,108.0,117.0,681807,655989,26328166,24458387,-7.69230769231,3.93573672729,7.64473552569
"Long Branch city, Monmouth County",3402541310,Long Branch city,Monmouth County,2191.0,2044.0,681807,655989,26328166,24458387,7.19178082192,3.93573672729,7.64473552569
"Manalapan township, Monmouth County",3402542990,Manalapan township,Monmouth County,2721.0,2743.0,681807,655989,26328166,24458387,-0.802041560335,3.93573672729,7.64473552569
"Manasquan borough, Monmouth County",3402543050,Manasquan borough,Monmouth County,513.0,362.0,681807,655989,26328166,24458387,41.7127071823,3.93573672729,7.64473552569
"Marlboro township, Monmouth County",3402544070,Marlboro township,Monmouth County,2850.0,2838.0,681807,655989,26328166,24458387,0.422832980973,3.93573672729,7.64473552569
"Matawan borough, Monmouth County",3402544520,Matawan borough,Monmouth County,806.0,616.0,681807,655989,26328166,24458387,30.8441558442,3.93573672729,7.64473552569
"Middletown township, Monmouth County",3402545990,Middletown township,Monmouth County,5157.0,5160.0,681807,655989,26328166,24458387,-0.0581395348837,3.93573672729,7.64473552569
"Millstone township, Monmouth County",3402546560,Millstone township,Monmouth County,690.0,603.0,681807,655989,26328166,24458387,14.4278606965,3.93573672729,7.64473552569
"Monmouth Beach borough, Monmouth County",3402547130,Monmouth Beach borough,Monmouth County,332.0,271.0,681807,655989,26328166,24458387,22.5092250923,3.93573672729,7.64473552569
"Neptune township, Monmouth County",3402549890,Neptune township,Monmouth County,2235.0,2143.0,681807,655989,26328166,24458387,4.29304713019,3.93573672729,7.64473552569
"Neptune City borough, Monmouth County",3402549920,Neptune City borough,Monmouth County,262.0,258.0,681807,655989,26328166,24458387,1.5503875969,3.93573672729,7.64473552569
"Ocean township, Monmouth County",3402554270,Ocean township,Monmouth County,2330.0,2253.0,681807,655989,26328166,24458387,3.41766533511,3.93573672729,7.64473552569
"Oceanport borough, Monmouth County",3402554570,Oceanport borough,Monmouth County,305.0,404.0,681807,655989,26328166,24458387,-24.504950495,3.93573672729,7.64473552569
"Red Bank borough, Monmouth County",3402562430,Red Bank borough,Monmouth County,772.0,774.0,681807,655989,26328166,24458387,-0.258397932817,3.93573672729,7.64473552569
"Roosevelt borough, Monmouth County",3402564410,Roosevelt borough,Monmouth County,318.0,245.0,681807,655989,26328166,24458387,29.7959183673,3.93573672729,7.64473552569
"Rumson borough, Monmouth County",3402565130,Rumson borough,Monmouth County,673.0,677.0,681807,655989,26328166,24458387,-0.590841949778,3.93573672729,7.64473552569
"Sea Bright borough, Monmouth County",3402566240,Sea Bright borough,Monmouth County,237.0,219.0,681807,655989,26328166,24458387,8.21917808219,3.93573672729,7.64473552569
"Sea Girt borough, Monmouth County",3402566330,Sea Girt borough,Monmouth County,312.0,308.0,681807,655989,26328166,24458387,1.2987012987,3.93573672729,7.64473552569
"Shrewsbury borough, Monmouth County",3402567350,Shrewsbury borough,Monmouth County,377.0,347.0,681807,655989,26328166,24458387,8.64553314121,3.93573672729,7.64473552569
"Shrewsbury township, Monmouth County",3402567365,Shrewsbury township,Monmouth County,246.0,240.0,681807,655989,26328166,24458387,2.5,3.93573672729,7.64473552569
"Spring Lake borough, Monmouth County",3402570110,Spring Lake borough,Monmouth County,241.0,298.0,681807,655989,26328166,24458387,-19.1275167785,3.93573672729,7.64473552569
"Spring Lake Heights borough, Monmouth County",3402570140,Spring Lake Heights borough,Monmouth County,277.0,315.0,681807,655989,26328166,24458387,-12.0634920635,3.93573672729,7.64473552569
"Tinton Falls borough, Monmouth County",3402573020,Tinton Falls borough,Monmouth County,1132.0,1242.0,681807,655989,26328166,24458387,-8.85668276973,3.93573672729,7.64473552569
"Union Beach borough, Monmouth County",3402574540,Union Beach borough,Monmouth County,286.0,395.0,681807,655989,26328166,24458387,-27.5949367089,3.93573672729,7.64473552569
"Upper Freehold township, Monmouth County",3402574900,Upper Freehold township,Monmouth County,413.0,517.0,681807,655989,26328166,24458387,-20.1160541586,3.93573672729,7.64473552569
"Wall township, Monmouth County",3402576460,Wall township,Monmouth County,2031.0,1834.0,681807,655989,26328166,24458387,10.7415485278,3.93573672729,7.64473552569
"West Long Branch borough, Monmouth County",3402579310,West Long Branch borough,Monmouth County,1025.0,723.0,681807,655989,26328166,24458387,41.7704011065,3.93573672729,7.64473552569
Morris County,34027,Morris County,New Jersey,38854.0,38114.0,681807,655989,26328166,24458387,1.94154378968,3.93573672729,7.64473552569
"Boonton town, Morris County",3402706610,Boonton town,Morris County,749.0,690.0,681807,655989,26328166,24458387,8.55072463768,3.93573672729,7.64473552569
"Boonton township, Morris County",3402706640,Boonton township,Morris County,414.0,404.0,681807,655989,26328166,24458387,2.47524752475,3.93573672729,7.64473552569
"Butler borough, Morris County",3402709040,Butler borough,Morris County,683.0,647.0,681807,655989,26328166,24458387,5.56414219474,3.93573672729,7.64473552569
"Chatham borough, Morris County",3402712100,Chatham borough,Morris County,912.0,845.0,681807,655989,26328166,24458387,7.92899408284,3.93573672729,7.64473552569
"Chatham township, Morris County",3402712130,Chatham township,Morris County,960.0,852.0,681807,655989,26328166,24458387,12.676056338,3.93573672729,7.64473552569
"Chester borough, Morris County",3402712580,Chester borough,Morris County,430.0,472.0,681807,655989,26328166,24458387,-8.89830508475,3.93573672729,7.64473552569
"Chester township, Morris County",3402712610,Chester township,Morris County,413.0,525.0,681807,655989,26328166,24458387,-21.3333333333,3.93573672729,7.64473552569
"Denville township, Morris County",3402717650,Denville township,Morris County,938.0,1040.0,681807,655989,26328166,24458387,-9.80769230769,3.93573672729,7.64473552569
"Dover town, Morris County",3402718070,Dover town,Morris County,1053.0,1087.0,681807,655989,26328166,24458387,-3.127874885,3.93573672729,7.64473552569
"East Hanover township, Morris County",3402719210,East Hanover township,Morris County,810.0,821.0,681807,655989,26328166,24458387,-1.33982947625,3.93573672729,7.64473552569
"Florham Park borough, Morris County",3402723910,Florham Park borough,Morris County,966.0,939.0,681807,655989,26328166,24458387,2.87539936102,3.93573672729,7.64473552569
"Hanover township, Morris County",3402729550,Hanover township,Morris County,1339.0,1340.0,681807,655989,26328166,24458387,-0.0746268656716,3.93573672729,7.64473552569
"Harding township, Morris County",3402729700,Harding township,Morris County,306.0,328.0,681807,655989,26328166,24458387,-6.70731707317,3.93573672729,7.64473552569
"Jefferson township, Morris County",3402734980,Jefferson township,Morris County,1441.0,1630.0,681807,655989,26328166,24458387,-11.5950920245,3.93573672729,7.64473552569
"Kinnelon borough, Morris County",3402737110,Kinnelon borough,Morris County,829.0,820.0,681807,655989,26328166,24458387,1.09756097561,3.93573672729,7.64473552569
"Lincoln Park borough, Morris County",3402740290,Lincoln Park borough,Morris County,806.0,732.0,681807,655989,26328166,24458387,10.1092896175,3.93573672729,7.64473552569
"Long Hill township, Morris County",3402741362,Long Hill township,Morris County,642.0,659.0,681807,655989,26328166,24458387,-2.57966616085,3.93573672729,7.64473552569
"Madison borough, Morris County",3402742510,Madison borough,Morris County,1751.0,1548.0,681807,655989,26328166,24458387,13.1136950904,3.93573672729,7.64473552569
"Mendham borough, Morris County",3402745330,Mendham borough,Morris County,483.0,507.0,681807,655989,26328166,24458387,-4.73372781065,3.93573672729,7.64473552569
"Mendham township, Morris County",3402745360,Mendham township,Morris County,504.0,472.0,681807,655989,26328166,24458387,6.77966101695,3.93573672729,7.64473552569
"Mine Hill township, Morris County",3402746860,Mine Hill township,Morris County,336.0,324.0,681807,655989,26328166,24458387,3.7037037037,3.93573672729,7.64473552569
"Montville township, Morris County",3402747670,Montville township,Morris County,1495.0,1550.0,681807,655989,26328166,24458387,-3.54838709677,3.93573672729,7.64473552569
"Morris township, Morris County",3402748090,Morris township,Morris County,2056.0,1905.0,681807,655989,26328166,24458387,7.92650918635,3.93573672729,7.64473552569
"Morris Plains borough, Morris County",3402748210,Morris Plains borough,Morris County,712.0,592.0,681807,655989,26328166,24458387,20.2702702703,3.93573672729,7.64473552569
"Morristown town, Morris County",3402748300,Morristown town,Morris County,1059.0,1079.0,681807,655989,26328166,24458387,-1.85356811863,3.93573672729,7.64473552569
"Mountain Lakes borough, Morris County",3402748480,Mountain Lakes borough,Morris County,440.0,379.0,681807,655989,26328166,24458387,16.0949868074,3.93573672729,7.64473552569
"Mount Arlington borough, Morris County",3402748690,Mount Arlington borough,Morris County,259.0,278.0,681807,655989,26328166,24458387,-6.8345323741,3.93573672729,7.64473552569
"Mount Olive township, Morris County",3402749080,Mount Olive township,Morris County,1493.0,1590.0,681807,655989,26328166,24458387,-6.10062893082,3.93573672729,7.64473552569
"Netcong borough, Morris County",3402750130,Netcong borough,Morris County,266.0,235.0,681807,655989,26328166,24458387,13.1914893617,3.93573672729,7.64473552569
"Parsippany-Troy Hills township, Morris County",3402756460,Parsippany-Troy Hills township,Morris County,4413.0,4138.0,681807,655989,26328166,24458387,6.64572257129,3.93573672729,7.64473552569
"Pequannock township, Morris County",3402758110,Pequannock township,Morris County,898.0,947.0,681807,655989,26328166,24458387,-5.1742344245,3.93573672729,7.64473552569
"Randolph township, Morris County",3402761890,Randolph township,Morris County,2294.0,1975.0,681807,655989,26328166,24458387,16.1518987342,3.93573672729,7.64473552569
"Riverdale borough, Morris County",3402763300,Riverdale borough,Morris County,348.0,379.0,681807,655989,26328166,24458387,-8.17941952507,3.93573672729,7.64473552569
"Rockaway borough, Morris County",3402764050,Rockaway borough,Morris County,321.0,328.0,681807,655989,26328166,24458387,-2.13414634146,3.93573672729,7.64473552569
"Rockaway township, Morris County",3402764080,Rockaway township,Morris County,1932.0,2024.0,681807,655989,26328166,24458387,-4.54545454545,3.93573672729,7.64473552569
"Roxbury township, Morris County",3402764980,Roxbury township,Morris County,1865.0,1792.0,681807,655989,26328166,24458387,4.07366071429,3.93573672729,7.64473552569
"Victory Gardens borough, Morris County",3402775890,Victory Gardens borough,Morris County,348.0,333.0,681807,655989,26328166,24458387,4.5045045045,3.93573672729,7.64473552569
"Washington township, Morris County",3402777240,Washington township,Morris County,1586.0,1529.0,681807,655989,26328166,24458387,3.72792674951,3.93573672729,7.64473552569
"Wharton borough, Morris County",3402780390,Wharton borough,Morris County,304.0,379.0,681807,655989,26328166,24458387,-19.7889182058,3.93573672729,7.64473552569
Ocean County,34029,Ocean County,New Jersey,44548.0,43629.0,681807,655989,26328166,24458387,2.10639712118,3.93573672729,7.64473552569
"Barnegat township, Ocean County",3402903050,Barnegat township,Ocean County,1229.0,1467.0,681807,655989,26328166,24458387,-16.2235855487,3.93573672729,7.64473552569
"Barnegat Light borough, Ocean County",3402903130,Barnegat Light borough,Ocean County,162.0,122.0,681807,655989,26328166,24458387,32.7868852459,3.93573672729,7.64473552569
"Bay Head borough, Ocean County",3402903520,Bay Head borough,Ocean County,267.0,303.0,681807,655989,26328166,24458387,-11.8811881188,3.93573672729,7.64473552569
"Beach Haven borough, Ocean County",3402903940,Beach Haven borough,Ocean County,343.0,246.0,681807,655989,26328166,24458387,39.4308943089,3.93573672729,7.64473552569
"Beachwood borough, Ocean County",3402904180,Beachwood borough,Ocean County,1162.0,974.0,681807,655989,26328166,24458387,19.3018480493,3.93573672729,7.64473552569
"Berkeley township, Ocean County",3402905305,Berkeley township,Ocean County,3216.0,3181.0,681807,655989,26328166,24458387,1.1002829299,3.93573672729,7.64473552569
"Brick township, Ocean County",3402907420,Brick township,Ocean County,5494.0,5544.0,681807,655989,26328166,24458387,-0.901875901876,3.93573672729,7.64473552569
"Eagleswood township, Ocean County",3402918670,Eagleswood township,Ocean County,408.0,401.0,681807,655989,26328166,24458387,1.74563591022,3.93573672729,7.64473552569
"Harvey Cedars borough, Ocean County",3402930390,Harvey Cedars borough,Ocean County,302.0,219.0,681807,655989,26328166,24458387,37.899543379,3.93573672729,7.64473552569
"Island Heights borough, Ocean County",3402934530,Island Heights borough,Ocean County,338.0,397.0,681807,655989,26328166,24458387,-14.8614609572,3.93573672729,7.64473552569
"Jackson township, Ocean County",3402934680,Jackson township,Ocean County,3644.0,4017.0,681807,655989,26328166,24458387,-9.28553647,3.93573672729,7.64473552569
"Lacey township, Ocean County",3402937380,Lacey township,Ocean County,1877.0,1712.0,681807,655989,26328166,24458387,9.63785046729,3.93573672729,7.64473552569
"Lakehurst borough, Ocean County",3402937770,Lakehurst borough,Ocean County,364.0,341.0,681807,655989,26328166,24458387,6.74486803519,3.93573672729,7.64473552569
"Lakewood township, Ocean County",3402938550,Lakewood township,Ocean County,6506.0,6202.0,681807,655989,26328166,24458387,4.90164463076,3.93573672729,7.64473552569
"Lavallette borough, Ocean County",3402939390,Lavallette borough,Ocean County,367.0,240.0,681807,655989,26328166,24458387,52.9166666667,3.93573672729,7.64473552569
"Little Egg Harbor township, Ocean County",3402940560,Little Egg Harbor township,Ocean County,1271.0,1370.0,681807,655989,26328166,24458387,-7.22627737226,3.93573672729,7.64473552569
"Long Beach township, Ocean County",3402941250,Long Beach township,Ocean County,439.0,443.0,681807,655989,26328166,24458387,-0.902934537246,3.93573672729,7.64473552569
"Manchester township, Ocean County",3402943140,Manchester township,Ocean County,2959.0,3028.0,681807,655989,26328166,24458387,-2.2787318362,3.93573672729,7.64473552569
"Mantoloking borough, Ocean County",3402943380,Mantoloking borough,Ocean County,179.0,178.0,681807,655989,26328166,24458387,0.561797752809,3.93573672729,7.64473552569
"Ocean township, Ocean County",3402954300,Ocean township,Ocean County,492.0,526.0,681807,655989,26328166,24458387,-6.463878327,3.93573672729,7.64473552569
"Ocean Gate borough, Ocean County",3402954450,Ocean Gate borough,Ocean County,239.0,223.0,681807,655989,26328166,24458387,7.17488789238,3.93573672729,7.64473552569
"Pine Beach borough, Ocean County",3402958590,Pine Beach borough,Ocean County,371.0,326.0,681807,655989,26328166,24458387,13.8036809816,3.93573672729,7.64473552569
"Plumsted township, Ocean County",3402959790,Plumsted township,Ocean County,433.0,511.0,681807,655989,26328166,24458387,-15.2641878669,3.93573672729,7.64473552569
"Point Pleasant borough, Ocean County",3402959880,Point Pleasant borough,Ocean County,1420.0,1434.0,681807,655989,26328166,24458387,-0.976290097629,3.93573672729,7.64473552569
"Point Pleasant Beach borough, Ocean County",3402959910,Point Pleasant Beach borough,Ocean County,396.0,264.0,681807,655989,26328166,24458387,50.0,3.93573672729,7.64473552569
"Seaside Heights borough, Ocean County",3402966450,Seaside Heights borough,Ocean County,105.0,108.0,681807,655989,26328166,24458387,-2.77777777778,3.93573672729,7.64473552569
"Seaside Park borough, Ocean County",3402966480,Seaside Park borough,Ocean County,257.0,145.0,681807,655989,26328166,24458387,77.2413793103,3.93573672729,7.64473552569
"Ship Bottom borough, Ocean County",3402967110,Ship Bottom borough,Ocean County,313.0,192.0,681807,655989,26328166,24458387,63.0208333333,3.93573672729,7.64473552569
"South Toms River borough, Ocean County",3402969510,South Toms River borough,Ocean County,499.0,508.0,681807,655989,26328166,24458387,-1.77165354331,3.93573672729,7.64473552569
"Stafford township, Ocean County",3402970320,Stafford township,Ocean County,1619.0,1533.0,681807,655989,26328166,24458387,5.60991519896,3.93573672729,7.64473552569
"Surf City borough, Ocean County",3402971640,Surf City borough,Ocean County,378.0,218.0,681807,655989,26328166,24458387,73.3944954128,3.93573672729,7.64473552569
"Toms River township, Ocean County",3402973125,Toms River township,Ocean County,7233.0,6960.0,681807,655989,26328166,24458387,3.9224137931,3.93573672729,7.64473552569
"Tuckerton borough, Ocean County",3402974210,Tuckerton borough,Ocean County,266.0,296.0,681807,655989,26328166,24458387,-10.1351351351,3.93573672729,7.64473552569
Passaic County,34031,Passaic County,New Jersey,33460.0,30511.0,681807,655989,26328166,24458387,9.6653665891,3.93573672729,7.64473552569
"Bloomingdale borough, Passaic County",3403106340,Bloomingdale borough,Passaic County,429.0,465.0,681807,655989,26328166,24458387,-7.74193548387,3.93573672729,7.64473552569
"Clifton city, Passaic County",3403113690,Clifton city,Passaic County,5341.0,5135.0,681807,655989,26328166,24458387,4.01168451801,3.93573672729,7.64473552569
"Haledon borough, Passaic County",3403129070,Haledon borough,Passaic County,571.0,458.0,681807,655989,26328166,24458387,24.672489083,3.93573672729,7.64473552569
"Hawthorne borough, Passaic County",3403130570,Hawthorne borough,Passaic County,999.0,1013.0,681807,655989,26328166,24458387,-1.38203356367,3.93573672729,7.64473552569
"Little Falls township, Passaic County",3403140620,Little Falls township,Passaic County,852.0,804.0,681807,655989,26328166,24458387,5.97014925373,3.93573672729,7.64473552569
"North Haledon borough, Passaic County",3403153040,North Haledon borough,Passaic County,426.0,543.0,681807,655989,26328166,24458387,-21.546961326,3.93573672729,7.64473552569
"Passaic city, Passaic County",3403156550,Passaic city,Passaic County,4740.0,3581.0,681807,655989,26328166,24458387,32.3652611003,3.93573672729,7.64473552569
"Paterson city, Passaic County",3403157000,Paterson city,Passaic County,9215.0,8489.0,681807,655989,26328166,24458387,8.55224408057,3.93573672729,7.64473552569
"Pompton Lakes borough, Passaic County",3403160090,Pompton Lakes borough,Passaic County,718.0,597.0,681807,655989,26328166,24458387,20.2680067002,3.93573672729,7.64473552569
"Prospect Park borough, Passaic County",3403161170,Prospect Park borough,Passaic County,473.0,428.0,681807,655989,26328166,24458387,10.5140186916,3.93573672729,7.64473552569
"Ringwood borough, Passaic County",3403163150,Ringwood borough,Passaic County,991.0,792.0,681807,655989,26328166,24458387,25.1262626263,3.93573672729,7.64473552569
"Totowa borough, Passaic County",3403173140,Totowa borough,Passaic County,700.0,672.0,681807,655989,26328166,24458387,4.16666666667,3.93573672729,7.64473552569
"Wanaque borough, Passaic County",3403176730,Wanaque borough,Passaic County,740.0,659.0,681807,655989,26328166,24458387,12.2913505311,3.93573672729,7.64473552569
"Wayne township, Passaic County",3403177840,Wayne township,Passaic County,4598.0,4257.0,681807,655989,26328166,24458387,8.01033591731,3.93573672729,7.64473552569
"West Milford township, Passaic County",3403179460,West Milford township,Passaic County,1843.0,1994.0,681807,655989,26328166,24458387,-7.57271815446,3.93573672729,7.64473552569
"Woodland Park borough, Passaic County",3403182423,Woodland Park borough,Passaic County,824.0,624.0,681807,655989,26328166,24458387,32.0512820513,3.93573672729,7.64473552569
Salem County,34033,Salem County,New Jersey,6956.0,7168.0,681807,655989,26328166,24458387,-2.95758928571,3.93573672729,7.64473552569
"Alloway township, Salem County",3403300880,Alloway township,Salem County,275.0,349.0,681807,655989,26328166,24458387,-21.2034383954,3.93573672729,7.64473552569
"Carneys Point township, Salem County",3403310610,Carneys Point township,Salem County,671.0,664.0,681807,655989,26328166,24458387,1.05421686747,3.93573672729,7.64473552569
"Elmer borough, Salem County",3403321240,Elmer borough,Salem County,329.0,366.0,681807,655989,26328166,24458387,-10.1092896175,3.93573672729,7.64473552569
"Elsinboro township, Salem County",3403321330,Elsinboro township,Salem County,292.0,263.0,681807,655989,26328166,24458387,11.0266159696,3.93573672729,7.64473552569
"Lower Alloways Creek township, Salem County",3403341640,Lower Alloways Creek township,Salem County,440.0,478.0,681807,655989,26328166,24458387,-7.94979079498,3.93573672729,7.64473552569
"Mannington township, Salem County",3403343200,Mannington township,Salem County,376.0,369.0,681807,655989,26328166,24458387,1.89701897019,3.93573672729,7.64473552569
"Oldmans township, Salem County",3403354810,Oldmans township,Salem County,431.0,472.0,681807,655989,26328166,24458387,-8.68644067797,3.93573672729,7.64473552569
"Penns Grove borough, Salem County",3403357750,Penns Grove borough,Salem County,381.0,360.0,681807,655989,26328166,24458387,5.83333333333,3.93573672729,7.64473552569
"Pennsville township, Salem County",3403357870,Pennsville township,Salem County,1074.0,1095.0,681807,655989,26328166,24458387,-1.91780821918,3.93573672729,7.64473552569
"Pilesgrove township, Salem County",3403358530,Pilesgrove township,Salem County,368.0,418.0,681807,655989,26328166,24458387,-11.961722488,3.93573672729,7.64473552569
"Pittsgrove township, Salem County",3403359130,Pittsgrove township,Salem County,756.0,841.0,681807,655989,26328166,24458387,-10.1070154578,3.93573672729,7.64473552569
"Quinton township, Salem County",3403361470,Quinton township,Salem County,332.0,366.0,681807,655989,26328166,24458387,-9.28961748634,3.93573672729,7.64473552569
"Salem city, Salem County",3403365490,Salem city,Salem County,508.0,469.0,681807,655989,26328166,24458387,8.31556503198,3.93573672729,7.64473552569
"Upper Pittsgrove township, Salem County",3403375110,Upper Pittsgrove township,Salem County,378.0,338.0,681807,655989,26328166,24458387,11.8343195266,3.93573672729,7.64473552569
"Woodstown borough, Salem County",3403382720,Woodstown borough,Salem County,345.0,320.0,681807,655989,26328166,24458387,7.8125,3.93573672729,7.64473552569
Somerset County,34035,Somerset County,New Jersey,24347.0,23410.0,681807,655989,26328166,24458387,4.00256300726,3.93573672729,7.64473552569
"Bedminster township, Somerset County",3403504450,Bedminster township,Somerset County,658.0,519.0,681807,655989,26328166,24458387,26.7822736031,3.93573672729,7.64473552569
"Bernards township, Somerset County",3403505560,Bernards township,Somerset County,1833.0,1945.0,681807,655989,26328166,24458387,-5.75835475578,3.93573672729,7.64473552569
"Bernardsville borough, Somerset County",3403505590,Bernardsville borough,Somerset County,368.0,452.0,681807,655989,26328166,24458387,-18.5840707965,3.93573672729,7.64473552569
"Bound Brook borough, Somerset County",3403506790,Bound Brook borough,Somerset County,701.0,811.0,681807,655989,26328166,24458387,-13.5635018496,3.93573672729,7.64473552569
"Branchburg township, Somerset County",3403507180,Branchburg township,Somerset County,1117.0,965.0,681807,655989,26328166,24458387,15.7512953368,3.93573672729,7.64473552569
"Bridgewater township, Somerset County",3403507720,Bridgewater township,Somerset County,3799.0,3429.0,681807,655989,26328166,24458387,10.7903178769,3.93573672729,7.64473552569
"Far Hills borough, Somerset County",3403522890,Far Hills borough,Somerset County,306.0,250.0,681807,655989,26328166,24458387,22.4,3.93573672729,7.64473552569
"Franklin township, Somerset County",3403524900,Franklin township,Somerset County,3586.0,3963.0,681807,655989,26328166,24458387,-9.51299520565,3.93573672729,7.64473552569
"Green Brook township, Somerset County",3403527510,Green Brook township,Somerset County,427.0,490.0,681807,655989,26328166,24458387,-12.8571428571,3.93573672729,7.64473552569
"Hillsborough township, Somerset County",3403531890,Hillsborough township,Somerset County,3210.0,2835.0,681807,655989,26328166,24458387,13.2275132275,3.93573672729,7.64473552569
"Manville borough, Somerset County",3403543620,Manville borough,Somerset County,805.0,806.0,681807,655989,26328166,24458387,-0.124069478908,3.93573672729,7.64473552569
"Millstone borough, Somerset County",3403546590,Millstone borough,Somerset County,270.0,202.0,681807,655989,26328166,24458387,33.6633663366,3.93573672729,7.64473552569
"Montgomery township, Somerset County",3403547580,Montgomery township,Somerset County,1600.0,1406.0,681807,655989,26328166,24458387,13.7980085349,3.93573672729,7.64473552569
"North Plainfield borough, Somerset County",3403553280,North Plainfield borough,Somerset County,1288.0,1411.0,681807,655989,26328166,24458387,-8.71722182849,3.93573672729,7.64473552569
"Peapack and Gladstone borough, Somerset County",3403557300,Peapack and Gladstone borough,Somerset County,364.0,322.0,681807,655989,26328166,24458387,13.0434782609,3.93573672729,7.64473552569
"Raritan borough, Somerset County",3403561980,Raritan borough,Somerset County,603.0,565.0,681807,655989,26328166,24458387,6.72566371681,3.93573672729,7.64473552569
"Rocky Hill borough, Somerset County",3403564320,Rocky Hill borough,Somerset County,234.0,185.0,681807,655989,26328166,24458387,26.4864864865,3.93573672729,7.64473552569
"Somerville borough, Somerset County",3403568460,Somerville borough,Somerset County,1029.0,1031.0,681807,655989,26328166,24458387,-0.193986420951,3.93573672729,7.64473552569
"South Bound Brook borough, Somerset County",3403568730,South Bound Brook borough,Somerset County,346.0,319.0,681807,655989,26328166,24458387,8.46394984326,3.93573672729,7.64473552569
"Warren township, Somerset County",3403576940,Warren township,Somerset County,1465.0,1172.0,681807,655989,26328166,24458387,25.0,3.93573672729,7.64473552569
"Watchung borough, Somerset County",3403577600,Watchung borough,Somerset County,338.0,332.0,681807,655989,26328166,24458387,1.80722891566,3.93573672729,7.64473552569
Sussex County,34037,Sussex County,New Jersey,14097.0,13422.0,681807,655989,26328166,24458387,5.02905677246,3.93573672729,7.64473552569
"Andover borough, Sussex County",3403701330,Andover borough,Sussex County,197.0,198.0,681807,655989,26328166,24458387,-0.505050505051,3.93573672729,7.64473552569
"Andover township, Sussex County",3403701360,Andover township,Sussex County,580.0,551.0,681807,655989,26328166,24458387,5.26315789474,3.93573672729,7.64473552569
"Branchville borough, Sussex County",3403707300,Branchville borough,Sussex County,232.0,210.0,681807,655989,26328166,24458387,10.4761904762,3.93573672729,7.64473552569
"Byram township, Sussex County",3403709160,Byram township,Sussex County,997.0,851.0,681807,655989,26328166,24458387,17.1562867215,3.93573672729,7.64473552569
"Frankford township, Sussex County",3403724810,Frankford township,Sussex County,637.0,582.0,681807,655989,26328166,24458387,9.45017182131,3.93573672729,7.64473552569
"Franklin borough, Sussex County",3403724930,Franklin borough,Sussex County,529.0,490.0,681807,655989,26328166,24458387,7.95918367347,3.93573672729,7.64473552569
"Fredon township, Sussex County",3403725140,Fredon township,Sussex County,538.0,369.0,681807,655989,26328166,24458387,45.7994579946,3.93573672729,7.64473552569
"Green township, Sussex County",3403727420,Green township,Sussex County,461.0,408.0,681807,655989,26328166,24458387,12.9901960784,3.93573672729,7.64473552569
"Hamburg borough, Sussex County",3403729220,Hamburg borough,Sussex County,234.0,256.0,681807,655989,26328166,24458387,-8.59375,3.93573672729,7.64473552569
"Hampton township, Sussex County",3403729490,Hampton township,Sussex County,572.0,529.0,681807,655989,26328166,24458387,8.12854442344,3.93573672729,7.64473552569
"Hardyston township, Sussex County",3403729850,Hardyston township,Sussex County,670.0,625.0,681807,655989,26328166,24458387,7.2,3.93573672729,7.64473552569
"Hopatcong borough, Sussex County",3403732910,Hopatcong borough,Sussex County,1236.0,1206.0,681807,655989,26328166,24458387,2.48756218905,3.93573672729,7.64473552569
"Lafayette township, Sussex County",3403737440,Lafayette township,Sussex County,401.0,366.0,681807,655989,26328166,24458387,9.56284153005,3.93573672729,7.64473552569
"Montague township, Sussex County",3403747430,Montague township,Sussex County,341.0,286.0,681807,655989,26328166,24458387,19.2307692308,3.93573672729,7.64473552569
"Newton town, Sussex County",3403751930,Newton town,Sussex County,711.0,670.0,681807,655989,26328166,24458387,6.11940298507,3.93573672729,7.64473552569
"Ogdensburg borough, Sussex County",3403754660,Ogdensburg borough,Sussex County,373.0,352.0,681807,655989,26328166,24458387,5.96590909091,3.93573672729,7.64473552569
"Sandyston township, Sussex County",3403765700,Sandyston township,Sussex County,456.0,262.0,681807,655989,26328166,24458387,74.0458015267,3.93573672729,7.64473552569
"Sparta township, Sussex County",3403769690,Sparta township,Sussex County,1577.0,1577.0,681807,655989,26328166,24458387,0.0,3.93573672729,7.64473552569
"Stanhope borough, Sussex County",3403770380,Stanhope borough,Sussex County,336.0,335.0,681807,655989,26328166,24458387,0.298507462687,3.93573672729,7.64473552569
"Stillwater township, Sussex County",3403770890,Stillwater township,Sussex County,321.0,344.0,681807,655989,26328166,24458387,-6.68604651163,3.93573672729,7.64473552569
"Sussex borough, Sussex County",3403771670,Sussex borough,Sussex County,269.0,307.0,681807,655989,26328166,24458387,-12.3778501629,3.93573672729,7.64473552569
"Vernon township, Sussex County",3403775740,Vernon township,Sussex County,1717.0,1858.0,681807,655989,26328166,24458387,-7.58880516685,3.93573672729,7.64473552569
"Walpack township, Sussex County",3403776640,Walpack township,Sussex County,,,681807,655989,26328166,24458387,,3.93573672729,7.64473552569
"Wantage township, Sussex County",3403776790,Wantage township,Sussex County,709.0,788.0,681807,655989,26328166,24458387,-10.0253807107,3.93573672729,7.64473552569
Union County,34039,Union County,New Jersey,37904.0,36211.0,681807,655989,26328166,24458387,4.67537488608,3.93573672729,7.64473552569
"Berkeley Heights township, Union County",3403905320,Berkeley Heights township,Union County,1039.0,964.0,681807,655989,26328166,24458387,7.78008298755,3.93573672729,7.64473552569
"Clark township, Union County",3403913150,Clark township,Union County,1145.0,1136.0,681807,655989,26328166,24458387,0.792253521127,3.93573672729,7.64473552569
"Cranford township, Union County",3403915640,Cranford township,Union County,2090.0,1891.0,681807,655989,26328166,24458387,10.5235325225,3.93573672729,7.64473552569
"Elizabeth city, Union County",3403921000,Elizabeth city,Union County,8203.0,7205.0,681807,655989,26328166,24458387,13.8514920194,3.93573672729,7.64473552569
"Fanwood borough, Union County",3403922860,Fanwood borough,Union County,466.0,487.0,681807,655989,26328166,24458387,-4.31211498973,3.93573672729,7.64473552569
"Garwood borough, Union County",3403925800,Garwood borough,Union County,373.0,380.0,681807,655989,26328166,24458387,-1.84210526316,3.93573672729,7.64473552569
"Hillside township, Union County",3403931980,Hillside township,Union County,1447.0,1308.0,681807,655989,26328166,24458387,10.626911315,3.93573672729,7.64473552569
"Kenilworth borough, Union County",3403936690,Kenilworth borough,Union County,385.0,437.0,681807,655989,26328166,24458387,-11.8993135011,3.93573672729,7.64473552569
"Linden city, Union County",3403940350,Linden city,Union County,3279.0,2851.0,681807,655989,26328166,24458387,15.0122763942,3.93573672729,7.64473552569
"Mountainside borough, Union County",3403948510,Mountainside borough,Union County,402.0,433.0,681807,655989,26328166,24458387,-7.15935334873,3.93573672729,7.64473552569
"New Providence borough, Union County",3403951810,New Providence borough,Union County,915.0,904.0,681807,655989,26328166,24458387,1.21681415929,3.93573672729,7.64473552569
"Plainfield city, Union County",3403959190,Plainfield city,Union County,3263.0,3400.0,681807,655989,26328166,24458387,-4.02941176471,3.93573672729,7.64473552569
"Rahway city, Union County",3403961530,Rahway city,Union County,1708.0,1746.0,681807,655989,26328166,24458387,-2.17640320733,3.93573672729,7.64473552569
"Roselle borough, Union County",3403964620,Roselle borough,Union County,1279.0,1288.0,681807,655989,26328166,24458387,-0.698757763975,3.93573672729,7.64473552569
"Roselle Park borough, Union County",3403964650,Roselle Park borough,Union County,864.0,885.0,681807,655989,26328166,24458387,-2.37288135593,3.93573672729,7.64473552569
"Scotch Plains township, Union County",3403966060,Scotch Plains township,Union County,1538.0,1512.0,681807,655989,26328166,24458387,1.71957671958,3.93573672729,7.64473552569
"Springfield township, Union County",3403970020,Springfield township,Union County,1115.0,1084.0,681807,655989,26328166,24458387,2.85977859779,3.93573672729,7.64473552569
"Summit city, Union County",3403971430,Summit city,Union County,1805.0,1667.0,681807,655989,26328166,24458387,8.27834433113,3.93573672729,7.64473552569
"Union township, Union County",3403974480,Union township,Union County,4197.0,4032.0,681807,655989,26328166,24458387,4.09226190476,3.93573672729,7.64473552569
"Westfield town, Union County",3403979040,Westfield town,Union County,2030.0,2222.0,681807,655989,26328166,24458387,-8.64086408641,3.93573672729,7.64473552569
"Winfield township, Union County",3403981650,Winfield township,Union County,361.0,379.0,681807,655989,26328166,24458387,-4.74934036939,3.93573672729,7.64473552569
Warren County,34041,Warren County,New Jersey,10435.0,10613.0,681807,655989,26328166,24458387,-1.67718835391,3.93573672729,7.64473552569
"Allamuchy township, Warren County",3404100670,Allamuchy township,Warren County,435.0,357.0,681807,655989,26328166,24458387,21.8487394958,3.93573672729,7.64473552569
"Alpha borough, Warren County",3404101030,Alpha borough,Warren County,381.0,375.0,681807,655989,26328166,24458387,1.6,3.93573672729,7.64473552569
"Belvidere town, Warren County",3404104990,Belvidere town,Warren County,406.0,400.0,681807,655989,26328166,24458387,1.5,3.93573672729,7.64473552569
"Blairstown township, Warren County",3404106160,Blairstown township,Warren County,307.0,357.0,681807,655989,26328166,24458387,-14.0056022409,3.93573672729,7.64473552569
"Franklin township, Warren County",3404124960,Franklin township,Warren County,515.0,449.0,681807,655989,26328166,24458387,14.6993318486,3.93573672729,7.64473552569
"Frelinghuysen township, Warren County",3404125320,Frelinghuysen township,Warren County,554.0,559.0,681807,655989,26328166,24458387,-0.894454382826,3.93573672729,7.64473552569
"Greenwich township, Warren County",3404128260,Greenwich township,Warren County,549.0,505.0,681807,655989,26328166,24458387,8.71287128713,3.93573672729,7.64473552569
"Hackettstown town, Warren County",3404128710,Hackettstown town,Warren County,1051.0,915.0,681807,655989,26328166,24458387,14.8633879781,3.93573672729,7.64473552569
"Hardwick township, Warren County",3404129820,Hardwick township,Warren County,403.0,452.0,681807,655989,26328166,24458387,-10.8407079646,3.93573672729,7.64473552569
"Harmony township, Warren County",3404130090,Harmony township,Warren County,477.0,434.0,681807,655989,26328166,24458387,9.90783410138,3.93573672729,7.64473552569
"Hope township, Warren County",3404133060,Hope township,Warren County,455.0,448.0,681807,655989,26328166,24458387,1.5625,3.93573672729,7.64473552569
"Independence township, Warren County",3404133930,Independence township,Warren County,304.0,336.0,681807,655989,26328166,24458387,-9.52380952381,3.93573672729,7.64473552569
"Knowlton township, Warren County",3404137320,Knowlton township,Warren County,468.0,445.0,681807,655989,26328166,24458387,5.16853932584,3.93573672729,7.64473552569
"Liberty township, Warren County",3404140110,Liberty township,Warren County,483.0,450.0,681807,655989,26328166,24458387,7.33333333333,3.93573672729,7.64473552569
"Lopatcong township, Warren County",3404141490,Lopatcong township,Warren County,458.0,581.0,681807,655989,26328166,24458387,-21.1703958692,3.93573672729,7.64473552569
"Mansfield township, Warren County",3404143320,Mansfield township,Warren County,415.0,514.0,681807,655989,26328166,24458387,-19.2607003891,3.93573672729,7.64473552569
"Oxford township, Warren County",3404155530,Oxford township,Warren County,396.0,360.0,681807,655989,26328166,24458387,10.0,3.93573672729,7.64473552569
"Phillipsburg town, Warren County",3404158350,Phillipsburg town,Warren County,1074.0,1213.0,681807,655989,26328166,24458387,-11.4591920857,3.93573672729,7.64473552569
"Pohatcong township, Warren County",3404159820,Pohatcong township,Warren County,302.0,306.0,681807,655989,26328166,24458387,-1.30718954248,3.93573672729,7.64473552569
"Washington borough, Warren County",3404177270,Washington borough,Warren County,339.0,398.0,681807,655989,26328166,24458387,-14.824120603,3.93573672729,7.64473552569
"Washington township, Warren County",3404177300,Washington township,Warren County,361.0,402.0,681807,655989,26328166,24458387,-10.1990049751,3.93573672729,7.64473552569
"White township, Warren County",3404180570,White township,Warren County,302.0,357.0,681807,655989,26328166,24458387,-15.406162465,3.93573672729,7.64473552569
